[2026-09-24 04:42:02] local.ERROR: Class "App\Http\Controllers\Controller" not found {"exception":"[object] (Error(code: 0): Class \"App\\Http\\Controllers\\Controller\" not found at F:/My Projects/biswas-performance-optimization/biswas-performance-optimization/app/Http/Controllers/HomeController.php:5)
[stacktrace]
#0 F:/My Projects/biswas-performance-optimization/biswas-performance-optimization/vendor/composer/ClassLoader.php(576): include()
#1 F:/My Projects/biswas-performance-optimization/biswas-performance-optimization/vendor/composer/ClassLoader.php(427): Composer/Autoload/{closure}('F://My Projects//...')
#2 [internal function]: Composer/Autoload/ClassLoader->loadClass('App//Http//Contro...')
#3 F:/My Projects/biswas-performance-optimization/biswas-performance-optimization/vendor/laravel/framework/src/Illuminate/Routing/Route.php(1125): is_a('App//Http//Contro...', 'Illuminate//Rout...', true)
#4 F:/My Projects/biswas-performance-optimization/biswas-performance-optimization/vendor/laravel/framework/src/Illuminate/Routing/Route.php(1062): Illuminate/Routing/Route->controllerMiddleware()
#5 F:/My Projects/biswas-performance-optimization/biswas-performance-optimization/vendor/laravel/framework/src/Illuminate/Routing/Router.php(834): Illuminate/Routing/Route->gatherMiddleware()
#6 F:/My Projects/biswas-performance-optimization/biswas-performance-optimization/vendor/laravel/framework/src/Illuminate/Foundation/Console/RouteListCommand.php(212): Illuminate/Routing/Router->gatherRouteMiddleware(Object(Illuminate/Routing/Route))
#7 F:/My Projects/biswas-performance-optimization/biswas-performance-optimization/vendor/laravel/framework/src/Illuminate/Foundation/Console/RouteListCommand.php(148): Illuminate/Foundation/Console/RouteListCommand->getMiddleware(Object(Illuminate/Routing/Route))
#8 F:/My Projects/biswas-performance-optimization/biswas-performance-optimization/vendor/laravel/framework/src/Illuminate/Foundation/Console/RouteListCommand.php(117): Illuminate/Foundation/Console/RouteListCommand->getRouteInformation(Object(Illuminate/Routing/Route))
#9 [internal function]: Illuminate/Foundation/Console/RouteListCommand->Illuminate/Foundation/Console/{closure}(Object(Illuminate/Routing/Route), 1)
#10 F:/My Projects/biswas-performance-optimization/biswas-performance-optimization/vendor/laravel/framework/src/Illuminate/Collections/Arr.php(841): array_map(Object(Closure), Array, Array)
#11 F:/My Projects/biswas-performance-optimization/biswas-performance-optimization/vendor/laravel/framework/src/Illuminate/Collections/Collection.php(829): Illuminate/Support/Arr::map(Array, Object(Closure))
#12 F:/My Projects/biswas-performance-optimization/biswas-performance-optimization/vendor/laravel/framework/src/Illuminate/Foundation/Console/RouteListCommand.php(117): Illuminate/Support/Collection->map(Object(Closure))
#13 F:/My Projects/biswas-performance-optimization/biswas-performance-optimization/vendor/laravel/framework/src/Illuminate/Foundation/Console/RouteListCommand.php(102): Illuminate/Foundation/Console/RouteListCommand->getRoutes()
#14 F:/My Projects/biswas-performance-optimization/biswas-performance-optimization/vendor/laravel/framework/src/Illuminate/Container/BoundMethod.php(36): Illuminate/Foundation/Console/RouteListCommand->handle()
#15 F:/My Projects/biswas-performance-optimization/biswas-performance-optimization/vendor/laravel/framework/src/Illuminate/Container/Util.php(43): Illuminate/Container/BoundMethod::Illuminate/Container/{closure}()
#16 F:/My Projects/biswas-performance-optimization/biswas-performance-optimization/vendor/laravel/framework/src/Illuminate/Container/BoundMethod.php(96): Illuminate/Container/Util::unwrapIfClosure(Object(Closure))
#17 F:/My Projects/biswas-performance-optimization/biswas-performance-optimization/vendor/laravel/framework/src/Illuminate/Container/BoundMethod.php(35): Illuminate/Container/BoundMethod::callBoundMethod(Object(Illuminate/Foundation/Application), Array, Object(Closure))
#18 F:/My Projects/biswas-performance-optimization/biswas-performance-optimization/vendor/laravel/framework/src/Illuminate/Container/Container.php(799): Illuminate/Container/BoundMethod::call(Object(Illuminate/Foundation/Application), Array, Array, NULL)
#19 F:/My Projects/biswas-performance-optimization/biswas-performance-optimization/vendor/laravel/framework/src/Illuminate/Console/Command.php(211): Illuminate/Container/Container->call(Array)
#20 F:/My Projects/biswas-performance-optimization/biswas-performance-optimization/vendor/symfony/console/Command/Command.php(341): Illuminate/Console/Command->execute(Object(Symfony/Component/Console/Input/ArgvInput), Object(Illuminate/Console/OutputStyle))
#21 F:/My Projects/biswas-performance-optimization/biswas-performance-optimization/vendor/laravel/framework/src/Illuminate/Console/Command.php(180): Symfony/Component/Console/Command/Command->run(Object(Symfony/Component/Console/Input/ArgvInput), Object(Illuminate/Console/OutputStyle))
#22 F:/My Projects/biswas-performance-optimization/biswas-performance-optimization/vendor/symfony/console/Application.php(1117): Illuminate/Console/Command->run(Object(Symfony/Component/Console/Input/ArgvInput), Object(Symfony/Component/Console/Output/ConsoleOutput))
#23 F:/My Projects/biswas-performance-optimization/biswas-performance-optimization/vendor/symfony/console/Application.php(356): Symfony/Component/Console/Application->doRunCommand(Object(Illuminate/Foundation/Console/RouteListCommand), Object(Symfony/Component/Console/Input/ArgvInput), Object(Symfony/Component/Console/Output/ConsoleOutput))
#24 F:/My Projects/biswas-performance-optimization/biswas-performance-optimization/vendor/symfony/console/Application.php(195): Symfony/Component/Console/Application->doRun(Object(Symfony/Component/Console/Input/ArgvInput), Object(Symfony/Component/Console/Output/ConsoleOutput))
#25 F:/My Projects/biswas-performance-optimization/biswas-performance-optimization/vendor/laravel/framework/src/Illuminate/Foundation/Console/Kernel.php(198): Symfony/Component/Console/Application->run(Object(Symfony/Component/Console/Input/ArgvInput), Object(Symfony/Component/Console/Output/ConsoleOutput))
#26 F:/My Projects/biswas-performance-optimization/biswas-performance-optimization/vendor/laravel/framework/src/Illuminate/Foundation/Application.php(1235): Illuminate/Foundation/Console/Kernel->handle(Object(Symfony/Component/Console/Input/ArgvInput), Object(Symfony/Component/Console/Output/ConsoleOutput))
#27 F:/My Projects/biswas-performance-optimization/biswas-performance-optimization/artisan(5): Illuminate/Foundation/Application->handleCommand(Object(Symfony/Component/Console/Input/ArgvInput))
#28 {main}
"} 
[2026-09-24 04:46:08] local.ERROR: No application encryption key has been specified. {"exception":"[object] (Illuminate\\Encryption\\MissingAppKeyException(code: 0): No application encryption key has been specified. at F:/My Projects/biswas-performance-optimization/biswas-performance-optimization/vendor/laravel/framework/src/Illuminate/Encryption/EncryptionServiceProvider.php:83)
[stacktrace]
#0 F:/My Projects/biswas-performance-optimization/biswas-performance-optimization/vendor/laravel/framework/src/Illuminate/Support/helpers.php(393): Illuminate/Encryption/EncryptionServiceProvider->Illuminate/Encryption/{closure}('')
#1 F:/My Projects/biswas-performance-optimization/biswas-performance-optimization/vendor/laravel/framework/src/Illuminate/Encryption/EncryptionServiceProvider.php(81): tap('', Object(Closure))
#2 F:/My Projects/biswas-performance-optimization/biswas-performance-optimization/vendor/laravel/framework/src/Illuminate/Encryption/EncryptionServiceProvider.php(64): Illuminate/Encryption/EncryptionServiceProvider->key(Array)
#3 F:/My Projects/biswas-performance-optimization/biswas-performance-optimization/vendor/laravel/framework/src/Illuminate/Encryption/EncryptionServiceProvider.php(32): Illuminate/Encryption/EncryptionServiceProvider->parseKey(Array)
#4 F:/My Projects/biswas-performance-optimization/biswas-performance-optimization/vendor/laravel/framework/src/Illuminate/Container/Container.php(1115): Illuminate/Encryption/EncryptionServiceProvider->Illuminate/Encryption/{closure}(Object(Illuminate/Foundation/Application), Array)
#5 F:/My Projects/biswas-performance-optimization/biswas-performance-optimization/vendor/laravel/framework/src/Illuminate/Container/Container.php(933): Illuminate/Container/Container->build(Object(Closure))
#6 F:/My Projects/biswas-performance-optimization/biswas-performance-optimization/vendor/laravel/framework/src/Illuminate/Foundation/Application.php(1078): Illuminate/Container/Container->resolve('encrypter', Array, true)
#7 F:/My Projects/biswas-performance-optimization/biswas-performance-optimization/vendor/laravel/framework/src/Illuminate/Container/Container.php(864): Illuminate/Foundation/Application->resolve('encrypter', Array)
#8 F:/My Projects/biswas-performance-optimization/biswas-performance-optimization/vendor/laravel/framework/src/Illuminate/Foundation/Application.php(1058): Illuminate/Container/Container->make('encrypter', Array)
#9 F:/My Projects/biswas-performance-optimization/biswas-performance-optimization/vendor/laravel/framework/src/Illuminate/Container/Container.php(1336): Illuminate/Foundation/Application->make('encrypter')
#10 F:/My Projects/biswas-performance-optimization/biswas-performance-optimization/vendor/laravel/framework/src/Illuminate/Container/Container.php(1237): Illuminate/Container/Container->resolveClass(Object(ReflectionParameter), 'Illuminate//Cont...')
#11 F:/My Projects/biswas-performance-optimization/biswas-performance-optimization/vendor/laravel/framework/src/Illuminate/Container/Container.php(1162): Illuminate/Container/Container->resolveDependencies(Array)
#12 F:/My Projects/biswas-performance-optimization/biswas-performance-optimization/vendor/laravel/framework/src/Illuminate/Container/Container.php(933): Illuminate/Container/Container->build('Illuminate//Cook...')
#13 F:/My Projects/biswas-performance-optimization/biswas-performance-optimization/vendor/laravel/framework/src/Illuminate/Foundation/Application.php(1078): Illuminate/Container/Container->resolve('Illuminate//Cook...', Array, true)
#14 F:/My Projects/biswas-performance-optimization/biswas-performance-optimization/vendor/laravel/framework/src/Illuminate/Container/Container.php(864): Illuminate/Foundation/Application->resolve('Illuminate//Cook...', Array)
#15 F:/My Projects/biswas-performance-optimization/biswas-performance-optimization/vendor/laravel/framework/src/Illuminate/Foundation/Application.php(1058): Illuminate/Container/Container->make('Illuminate//Cook...', Array)
#16 F:/My Projects/biswas-performance-optimization/biswas-performance-optimization/vendor/laravel/framework/src/Illuminate/Pipeline/Pipeline.php(208): Illuminate/Foundation/Application->make('Illuminate//Cook...')
#17 F:/My Projects/biswas-performance-optimization/biswas-performance-optimization/vendor/laravel/framework/src/Illuminate/Pipeline/Pipeline.php(137): Illuminate/Pipeline/Pipeline->Illuminate/Pipeline/{closure}(Object(Illuminate/Http/Request))
#18 F:/My Projects/biswas-performance-optimization/biswas-performance-optimization/vendor/laravel/framework/src/Illuminate/Routing/Router.php(821): Illuminate/Pipeline/Pipeline->then(Object(Closure))
#19 F:/My Projects/biswas-performance-optimization/biswas-performance-optimization/vendor/laravel/framework/src/Illuminate/Routing/Router.php(800): Illuminate/Routing/Router->runRouteWithinStack(Object(Illuminate/Routing/Route), Object(Illuminate/Http/Request))
#20 F:/My Projects/biswas-performance-optimization/biswas-performance-optimization/vendor/laravel/framework/src/Illuminate/Routing/Router.php(764): Illuminate/Routing/Router->runRoute(Object(Illuminate/Http/Request), Object(Illuminate/Routing/Route))
#21 F:/My Projects/biswas-performance-optimization/biswas-performance-optimization/vendor/laravel/framework/src/Illuminate/Routing/Router.php(753): Illuminate/Routing/Router->dispatchToRoute(Object(Illuminate/Http/Request))
#22 F:/My Projects/biswas-performance-optimization/biswas-performance-optimization/vendor/laravel/framework/src/Illuminate/Foundation/Http/Kernel.php(200): Illuminate/Routing/Router->dispatch(Object(Illuminate/Http/Request))
#23 F:/My Projects/biswas-performance-optimization/biswas-performance-optimization/vendor/laravel/framework/src/Illuminate/Pipeline/Pipeline.php(180): Illuminate/Foundation/Http/Kernel->Illuminate/Foundation/Http/{closure}(Object(Illuminate/Http/Request))
#24 F:/My Projects/biswas-performance-optimization/biswas-performance-optimization/vendor/laravel/framework/src/Illuminate/Foundation/Http/Middleware/TransformsRequest.php(21): Illuminate/Pipeline/Pipeline->Illuminate/Pipeline/{closure}(Object(Illuminate/Http/Request))
#25 F:/My Projects/biswas-performance-optimization/biswas-performance-optimization/vendor/laravel/framework/src/Illuminate/Foundation/Http/Middleware/ConvertEmptyStringsToNull.php(31): Illuminate/Foundation/Http/Middleware/TransformsRequest->handle(Object(Illuminate/Http/Request), Object(Closure))
#26 F:/My Projects/biswas-performance-optimization/biswas-performance-optimization/vendor/laravel/framework/src/Illuminate/Pipeline/Pipeline.php(219): Illuminate/Foundation/Http/Middleware/ConvertEmptyStringsToNull->handle(Object(Illuminate/Http/Request), Object(Closure))
#27 F:/My Projects/biswas-performance-optimization/biswas-performance-optimization/vendor/laravel/framework/src/Illuminate/Foundation/Http/Middleware/TransformsRequest.php(21): Illuminate/Pipeline/Pipeline->Illuminate/Pipeline/{closure}(Object(Illuminate/Http/Request))
#28 F:/My Projects/biswas-performance-optimization/biswas-performance-optimization/vendor/laravel/framework/src/Illuminate/Foundation/Http/Middleware/TrimStrings.php(51): Illuminate/Foundation/Http/Middleware/TransformsRequest->handle(Object(Illuminate/Http/Request), Object(Closure))
#29 F:/My Projects/biswas-performance-optimization/biswas-performance-optimization/vendor/laravel/framework/src/Illuminate/Pipeline/Pipeline.php(219): Illuminate/Foundation/Http/Middleware/TrimStrings->handle(Object(Illuminate/Http/Request), Object(Closure))
#30 F:/My Projects/biswas-performance-optimization/biswas-performance-optimization/vendor/laravel/framework/src/Illuminate/Http/Middleware/ValidatePostSize.php(27): Illuminate/Pipeline/Pipeline->Illuminate/Pipeline/{closure}(Object(Illuminate/Http/Request))
#31 F:/My Projects/biswas-performance-optimization/biswas-performance-optimization/vendor/laravel/framework/src/Illuminate/Pipeline/Pipeline.php(219): Illuminate/Http/Middleware/ValidatePostSize->handle(Object(Illuminate/Http/Request), Object(Closure))
#32 F:/My Projects/biswas-performance-optimization/biswas-performance-optimization/vendor/laravel/framework/src/Illuminate/Foundation/Http/Middleware/PreventRequestsDuringMaintenance.php(109): Illuminate/Pipeline/Pipeline->Illuminate/Pipeline/{closure}(Object(Illuminate/Http/Request))
#33 F:/My Projects/biswas-performance-optimization/biswas-performance-optimization/vendor/laravel/framework/src/Illuminate/Pipeline/Pipeline.php(219): Illuminate/Foundation/Http/Middleware/PreventRequestsDuringMaintenance->handle(Object(Illuminate/Http/Request), Object(Closure))
#34 F:/My Projects/biswas-performance-optimization/biswas-performance-optimization/vendor/laravel/framework/src/Illuminate/Http/Middleware/HandleCors.php(61): Illuminate/Pipeline/Pipeline->Illuminate/Pipeline/{closure}(Object(Illuminate/Http/Request))
#35 F:/My Projects/biswas-performance-optimization/biswas-performance-optimization/vendor/laravel/framework/src/Illuminate/Pipeline/Pipeline.php(219): Illuminate/Http/Middleware/HandleCors->handle(Object(Illuminate/Http/Request), Object(Closure))
#36 F:/My Projects/biswas-performance-optimization/biswas-performance-optimization/vendor/laravel/framework/src/Illuminate/Http/Middleware/TrustProxies.php(58): Illuminate/Pipeline/Pipeline->Illuminate/Pipeline/{closure}(Object(Illuminate/Http/Request))
#37 F:/My Projects/biswas-performance-optimization/biswas-performance-optimization/vendor/laravel/framework/src/Illuminate/Pipeline/Pipeline.php(219): Illuminate/Http/Middleware/TrustProxies->handle(Object(Illuminate/Http/Request), Object(Closure))
#38 F:/My Projects/biswas-performance-optimization/biswas-performance-optimization/vendor/laravel/framework/src/Illuminate/Foundation/Http/Middleware/InvokeDeferredCallbacks.php(22): Illuminate/Pipeline/Pipeline->Illuminate/Pipeline/{closure}(Object(Illuminate/Http/Request))
#39 F:/My Projects/biswas-performance-optimization/biswas-performance-optimization/vendor/laravel/framework/src/Illuminate/Pipeline/Pipeline.php(219): Illuminate/Foundation/Http/Middleware/InvokeDeferredCallbacks->handle(Object(Illuminate/Http/Request), Object(Closure))
#40 F:/My Projects/biswas-performance-optimization/biswas-performance-optimization/vendor/laravel/framework/src/Illuminate/Http/Middleware/ValidatePathEncoding.php(26): Illuminate/Pipeline/Pipeline->Illuminate/Pipeline/{closure}(Object(Illuminate/Http/Request))
#41 F:/My Projects/biswas-performance-optimization/biswas-performance-optimization/vendor/laravel/framework/src/Illuminate/Pipeline/Pipeline.php(219): Illuminate/Http/Middleware/ValidatePathEncoding->handle(Object(Illuminate/Http/Request), Object(Closure))
#42 F:/My Projects/biswas-performance-optimization/biswas-performance-optimization/vendor/laravel/framework/src/Illuminate/Pipeline/Pipeline.php(137): Illuminate/Pipeline/Pipeline->Illuminate/Pipeline/{closure}(Object(Illuminate/Http/Request))
#43 F:/My Projects/biswas-performance-optimization/biswas-performance-optimization/vendor/laravel/framework/src/Illuminate/Foundation/Http/Kernel.php(175): Illuminate/Pipeline/Pipeline->then(Object(Closure))
#44 F:/My Projects/biswas-performance-optimization/biswas-performance-optimization/vendor/laravel/framework/src/Illuminate/Foundation/Http/Kernel.php(144): Illuminate/Foundation/Http/Kernel->sendRequestThroughRouter(Object(Illuminate/Http/Request))
#45 F:/My Projects/biswas-performance-optimization/biswas-performance-optimization/vendor/laravel/framework/src/Illuminate/Foundation/Application.php(1220): Illuminate/Foundation/Http/Kernel->handle(Object(Illuminate/Http/Request))
#46 F:/My Projects/biswas-performance-optimization/biswas-performance-optimization/public/index.php(9): Illuminate/Foundation/Application->handleRequest(Object(Illuminate/Http/Request))
#47 F:/My Projects/biswas-performance-optimization/biswas-performance-optimization/vendor/laravel/framework/src/Illuminate/Foundation/resources/server.php(23): require_once('F://My Projects//...')
#48 {main}
"} 
[2026-09-24 04:46:34] local.ERROR: No application encryption key has been specified. {"exception":"[object] (Illuminate\\Encryption\\MissingAppKeyException(code: 0): No application encryption key has been specified. at F:/My Projects/biswas-performance-optimization/biswas-performance-optimization/vendor/laravel/framework/src/Illuminate/Encryption/EncryptionServiceProvider.php:83)
[stacktrace]
#0 F:/My Projects/biswas-performance-optimization/biswas-performance-optimization/vendor/laravel/framework/src/Illuminate/Support/helpers.php(393): Illuminate/Encryption/EncryptionServiceProvider->Illuminate/Encryption/{closure}('')
#1 F:/My Projects/biswas-performance-optimization/biswas-performance-optimization/vendor/laravel/framework/src/Illuminate/Encryption/EncryptionServiceProvider.php(81): tap('', Object(Closure))
#2 F:/My Projects/biswas-performance-optimization/biswas-performance-optimization/vendor/laravel/framework/src/Illuminate/Encryption/EncryptionServiceProvider.php(64): Illuminate/Encryption/EncryptionServiceProvider->key(Array)
#3 F:/My Projects/biswas-performance-optimization/biswas-performance-optimization/vendor/laravel/framework/src/Illuminate/Encryption/EncryptionServiceProvider.php(32): Illuminate/Encryption/EncryptionServiceProvider->parseKey(Array)
#4 F:/My Projects/biswas-performance-optimization/biswas-performance-optimization/vendor/laravel/framework/src/Illuminate/Container/Container.php(1115): Illuminate/Encryption/EncryptionServiceProvider->Illuminate/Encryption/{closure}(Object(Illuminate/Foundation/Application), Array)
#5 F:/My Projects/biswas-performance-optimization/biswas-performance-optimization/vendor/laravel/framework/src/Illuminate/Container/Container.php(933): Illuminate/Container/Container->build(Object(Closure))
#6 F:/My Projects/biswas-performance-optimization/biswas-performance-optimization/vendor/laravel/framework/src/Illuminate/Foundation/Application.php(1078): Illuminate/Container/Container->resolve('encrypter', Array, true)
#7 F:/My Projects/biswas-performance-optimization/biswas-performance-optimization/vendor/laravel/framework/src/Illuminate/Container/Container.php(864): Illuminate/Foundation/Application->resolve('encrypter', Array)
#8 F:/My Projects/biswas-performance-optimization/biswas-performance-optimization/vendor/laravel/framework/src/Illuminate/Foundation/Application.php(1058): Illuminate/Container/Container->make('encrypter', Array)
#9 F:/My Projects/biswas-performance-optimization/biswas-performance-optimization/vendor/laravel/framework/src/Illuminate/Container/Container.php(1336): Illuminate/Foundation/Application->make('encrypter')
#10 F:/My Projects/biswas-performance-optimization/biswas-performance-optimization/vendor/laravel/framework/src/Illuminate/Container/Container.php(1237): Illuminate/Container/Container->resolveClass(Object(ReflectionParameter), 'Illuminate//Cont...')
#11 F:/My Projects/biswas-performance-optimization/biswas-performance-optimization/vendor/laravel/framework/src/Illuminate/Container/Container.php(1162): Illuminate/Container/Container->resolveDependencies(Array)
#12 F:/My Projects/biswas-performance-optimization/biswas-performance-optimization/vendor/laravel/framework/src/Illuminate/Container/Container.php(933): Illuminate/Container/Container->build('Illuminate//Cook...')
#13 F:/My Projects/biswas-performance-optimization/biswas-performance-optimization/vendor/laravel/framework/src/Illuminate/Foundation/Application.php(1078): Illuminate/Container/Container->resolve('Illuminate//Cook...', Array, true)
#14 F:/My Projects/biswas-performance-optimization/biswas-performance-optimization/vendor/laravel/framework/src/Illuminate/Container/Container.php(864): Illuminate/Foundation/Application->resolve('Illuminate//Cook...', Array)
#15 F:/My Projects/biswas-performance-optimization/biswas-performance-optimization/vendor/laravel/framework/src/Illuminate/Foundation/Application.php(1058): Illuminate/Container/Container->make('Illuminate//Cook...', Array)
#16 F:/My Projects/biswas-performance-optimization/biswas-performance-optimization/vendor/laravel/framework/src/Illuminate/Foundation/Http/Kernel.php(257): Illuminate/Foundation/Application->make('Illuminate//Cook...')
#17 F:/My Projects/biswas-performance-optimization/biswas-performance-optimization/vendor/laravel/framework/src/Illuminate/Foundation/Http/Kernel.php(215): Illuminate/Foundation/Http/Kernel->terminateMiddleware(Object(Illuminate/Http/Request), Object(Illuminate/Http/Response))
#18 F:/My Projects/biswas-performance-optimization/biswas-performance-optimization/vendor/laravel/framework/src/Illuminate/Foundation/Application.php(1222): Illuminate/Foundation/Http/Kernel->terminate(Object(Illuminate/Http/Request), Object(Illuminate/Http/Response))
#19 F:/My Projects/biswas-performance-optimization/biswas-performance-optimization/public/index.php(9): Illuminate/Foundation/Application->handleRequest(Object(Illuminate/Http/Request))
#20 F:/My Projects/biswas-performance-optimization/biswas-performance-optimization/vendor/laravel/framework/src/Illuminate/Foundation/resources/server.php(23): require_once('F://My Projects//...')
#21 {main}
"} 
[2026-09-24 04:46:35] local.ERROR: No application encryption key has been specified. {"exception":"[object] (Illuminate\\Encryption\\MissingAppKeyException(code: 0): No application encryption key has been specified. at F:/My Projects/biswas-performance-optimization/biswas-performance-optimization/vendor/laravel/framework/src/Illuminate/Encryption/EncryptionServiceProvider.php:83)
[stacktrace]
#0 F:/My Projects/biswas-performance-optimization/biswas-performance-optimization/vendor/laravel/framework/src/Illuminate/Support/helpers.php(393): Illuminate/Encryption/EncryptionServiceProvider->Illuminate/Encryption/{closure}('')
#1 F:/My Projects/biswas-performance-optimization/biswas-performance-optimization/vendor/laravel/framework/src/Illuminate/Encryption/EncryptionServiceProvider.php(81): tap('', Object(Closure))
#2 F:/My Projects/biswas-performance-optimization/biswas-performance-optimization/vendor/laravel/framework/src/Illuminate/Encryption/EncryptionServiceProvider.php(64): Illuminate/Encryption/EncryptionServiceProvider->key(Array)
#3 F:/My Projects/biswas-performance-optimization/biswas-performance-optimization/vendor/laravel/framework/src/Illuminate/Encryption/EncryptionServiceProvider.php(32): Illuminate/Encryption/EncryptionServiceProvider->parseKey(Array)
#4 F:/My Projects/biswas-performance-optimization/biswas-performance-optimization/vendor/laravel/framework/src/Illuminate/Container/Container.php(1115): Illuminate/Encryption/EncryptionServiceProvider->Illuminate/Encryption/{closure}(Object(Illuminate/Foundation/Application), Array)
#5 F:/My Projects/biswas-performance-optimization/biswas-performance-optimization/vendor/laravel/framework/src/Illuminate/Container/Container.php(933): Illuminate/Container/Container->build(Object(Closure))
#6 F:/My Projects/biswas-performance-optimization/biswas-performance-optimization/vendor/laravel/framework/src/Illuminate/Foundation/Application.php(1078): Illuminate/Container/Container->resolve('encrypter', Array, true)
#7 F:/My Projects/biswas-performance-optimization/biswas-performance-optimization/vendor/laravel/framework/src/Illuminate/Container/Container.php(864): Illuminate/Foundation/Application->resolve('encrypter', Array)
#8 F:/My Projects/biswas-performance-optimization/biswas-performance-optimization/vendor/laravel/framework/src/Illuminate/Foundation/Application.php(1058): Illuminate/Container/Container->make('encrypter', Array)
#9 F:/My Projects/biswas-performance-optimization/biswas-performance-optimization/vendor/laravel/framework/src/Illuminate/Container/Container.php(1336): Illuminate/Foundation/Application->make('encrypter')
#10 F:/My Projects/biswas-performance-optimization/biswas-performance-optimization/vendor/laravel/framework/src/Illuminate/Container/Container.php(1237): Illuminate/Container/Container->resolveClass(Object(ReflectionParameter), 'Illuminate//Cont...')
#11 F:/My Projects/biswas-performance-optimization/biswas-performance-optimization/vendor/laravel/framework/src/Illuminate/Container/Container.php(1162): Illuminate/Container/Container->resolveDependencies(Array)
#12 F:/My Projects/biswas-performance-optimization/biswas-performance-optimization/vendor/laravel/framework/src/Illuminate/Container/Container.php(933): Illuminate/Container/Container->build('Illuminate//Cook...')
#13 F:/My Projects/biswas-performance-optimization/biswas-performance-optimization/vendor/laravel/framework/src/Illuminate/Foundation/Application.php(1078): Illuminate/Container/Container->resolve('Illuminate//Cook...', Array, true)
#14 F:/My Projects/biswas-performance-optimization/biswas-performance-optimization/vendor/laravel/framework/src/Illuminate/Container/Container.php(864): Illuminate/Foundation/Application->resolve('Illuminate//Cook...', Array)
#15 F:/My Projects/biswas-performance-optimization/biswas-performance-optimization/vendor/laravel/framework/src/Illuminate/Foundation/Application.php(1058): Illuminate/Container/Container->make('Illuminate//Cook...', Array)
#16 F:/My Projects/biswas-performance-optimization/biswas-performance-optimization/vendor/laravel/framework/src/Illuminate/Pipeline/Pipeline.php(208): Illuminate/Foundation/Application->make('Illuminate//Cook...')
#17 F:/My Projects/biswas-performance-optimization/biswas-performance-optimization/vendor/laravel/framework/src/Illuminate/Pipeline/Pipeline.php(137): Illuminate/Pipeline/Pipeline->Illuminate/Pipeline/{closure}(Object(Illuminate/Http/Request))
#18 F:/My Projects/biswas-performance-optimization/biswas-performance-optimization/vendor/laravel/framework/src/Illuminate/Routing/Router.php(821): Illuminate/Pipeline/Pipeline->then(Object(Closure))
#19 F:/My Projects/biswas-performance-optimization/biswas-performance-optimization/vendor/laravel/framework/src/Illuminate/Routing/Router.php(800): Illuminate/Routing/Router->runRouteWithinStack(Object(Illuminate/Routing/Route), Object(Illuminate/Http/Request))
#20 F:/My Projects/biswas-performance-optimization/biswas-performance-optimization/vendor/laravel/framework/src/Illuminate/Routing/Router.php(764): Illuminate/Routing/Router->runRoute(Object(Illuminate/Http/Request), Object(Illuminate/Routing/Route))
#21 F:/My Projects/biswas-performance-optimization/biswas-performance-optimization/vendor/laravel/framework/src/Illuminate/Routing/Router.php(753): Illuminate/Routing/Router->dispatchToRoute(Object(Illuminate/Http/Request))
#22 F:/My Projects/biswas-performance-optimization/biswas-performance-optimization/vendor/laravel/framework/src/Illuminate/Foundation/Http/Kernel.php(200): Illuminate/Routing/Router->dispatch(Object(Illuminate/Http/Request))
#23 F:/My Projects/biswas-performance-optimization/biswas-performance-optimization/vendor/laravel/framework/src/Illuminate/Pipeline/Pipeline.php(180): Illuminate/Foundation/Http/Kernel->Illuminate/Foundation/Http/{closure}(Object(Illuminate/Http/Request))
#24 F:/My Projects/biswas-performance-optimization/biswas-performance-optimization/vendor/laravel/framework/src/Illuminate/Foundation/Http/Middleware/TransformsRequest.php(21): Illuminate/Pipeline/Pipeline->Illuminate/Pipeline/{closure}(Object(Illuminate/Http/Request))
#25 F:/My Projects/biswas-performance-optimization/biswas-performance-optimization/vendor/laravel/framework/src/Illuminate/Foundation/Http/Middleware/ConvertEmptyStringsToNull.php(31): Illuminate/Foundation/Http/Middleware/TransformsRequest->handle(Object(Illuminate/Http/Request), Object(Closure))
#26 F:/My Projects/biswas-performance-optimization/biswas-performance-optimization/vendor/laravel/framework/src/Illuminate/Pipeline/Pipeline.php(219): Illuminate/Foundation/Http/Middleware/ConvertEmptyStringsToNull->handle(Object(Illuminate/Http/Request), Object(Closure))
#27 F:/My Projects/biswas-performance-optimization/biswas-performance-optimization/vendor/laravel/framework/src/Illuminate/Foundation/Http/Middleware/TransformsRequest.php(21): Illuminate/Pipeline/Pipeline->Illuminate/Pipeline/{closure}(Object(Illuminate/Http/Request))
#28 F:/My Projects/biswas-performance-optimization/biswas-performance-optimization/vendor/laravel/framework/src/Illuminate/Foundation/Http/Middleware/TrimStrings.php(51): Illuminate/Foundation/Http/Middleware/TransformsRequest->handle(Object(Illuminate/Http/Request), Object(Closure))
#29 F:/My Projects/biswas-performance-optimization/biswas-performance-optimization/vendor/laravel/framework/src/Illuminate/Pipeline/Pipeline.php(219): Illuminate/Foundation/Http/Middleware/TrimStrings->handle(Object(Illuminate/Http/Request), Object(Closure))
#30 F:/My Projects/biswas-performance-optimization/biswas-performance-optimization/vendor/laravel/framework/src/Illuminate/Http/Middleware/ValidatePostSize.php(27): Illuminate/Pipeline/Pipeline->Illuminate/Pipeline/{closure}(Object(Illuminate/Http/Request))
#31 F:/My Projects/biswas-performance-optimization/biswas-performance-optimization/vendor/laravel/framework/src/Illuminate/Pipeline/Pipeline.php(219): Illuminate/Http/Middleware/ValidatePostSize->handle(Object(Illuminate/Http/Request), Object(Closure))
#32 F:/My Projects/biswas-performance-optimization/biswas-performance-optimization/vendor/laravel/framework/src/Illuminate/Foundation/Http/Middleware/PreventRequestsDuringMaintenance.php(109): Illuminate/Pipeline/Pipeline->Illuminate/Pipeline/{closure}(Object(Illuminate/Http/Request))
#33 F:/My Projects/biswas-performance-optimization/biswas-performance-optimization/vendor/laravel/framework/src/Illuminate/Pipeline/Pipeline.php(219): Illuminate/Foundation/Http/Middleware/PreventRequestsDuringMaintenance->handle(Object(Illuminate/Http/Request), Object(Closure))
#34 F:/My Projects/biswas-performance-optimization/biswas-performance-optimization/vendor/laravel/framework/src/Illuminate/Http/Middleware/HandleCors.php(61): Illuminate/Pipeline/Pipeline->Illuminate/Pipeline/{closure}(Object(Illuminate/Http/Request))
#35 F:/My Projects/biswas-performance-optimization/biswas-performance-optimization/vendor/laravel/framework/src/Illuminate/Pipeline/Pipeline.php(219): Illuminate/Http/Middleware/HandleCors->handle(Object(Illuminate/Http/Request), Object(Closure))
#36 F:/My Projects/biswas-performance-optimization/biswas-performance-optimization/vendor/laravel/framework/src/Illuminate/Http/Middleware/TrustProxies.php(58): Illuminate/Pipeline/Pipeline->Illuminate/Pipeline/{closure}(Object(Illuminate/Http/Request))
#37 F:/My Projects/biswas-performance-optimization/biswas-performance-optimization/vendor/laravel/framework/src/Illuminate/Pipeline/Pipeline.php(219): Illuminate/Http/Middleware/TrustProxies->handle(Object(Illuminate/Http/Request), Object(Closure))
#38 F:/My Projects/biswas-performance-optimization/biswas-performance-optimization/vendor/laravel/framework/src/Illuminate/Foundation/Http/Middleware/InvokeDeferredCallbacks.php(22): Illuminate/Pipeline/Pipeline->Illuminate/Pipeline/{closure}(Object(Illuminate/Http/Request))
#39 F:/My Projects/biswas-performance-optimization/biswas-performance-optimization/vendor/laravel/framework/src/Illuminate/Pipeline/Pipeline.php(219): Illuminate/Foundation/Http/Middleware/InvokeDeferredCallbacks->handle(Object(Illuminate/Http/Request), Object(Closure))
#40 F:/My Projects/biswas-performance-optimization/biswas-performance-optimization/vendor/laravel/framework/src/Illuminate/Http/Middleware/ValidatePathEncoding.php(26): Illuminate/Pipeline/Pipeline->Illuminate/Pipeline/{closure}(Object(Illuminate/Http/Request))
#41 F:/My Projects/biswas-performance-optimization/biswas-performance-optimization/vendor/laravel/framework/src/Illuminate/Pipeline/Pipeline.php(219): Illuminate/Http/Middleware/ValidatePathEncoding->handle(Object(Illuminate/Http/Request), Object(Closure))
#42 F:/My Projects/biswas-performance-optimization/biswas-performance-optimization/vendor/laravel/framework/src/Illuminate/Pipeline/Pipeline.php(137): Illuminate/Pipeline/Pipeline->Illuminate/Pipeline/{closure}(Object(Illuminate/Http/Request))
#43 F:/My Projects/biswas-performance-optimization/biswas-performance-optimization/vendor/laravel/framework/src/Illuminate/Foundation/Http/Kernel.php(175): Illuminate/Pipeline/Pipeline->then(Object(Closure))
#44 F:/My Projects/biswas-performance-optimization/biswas-performance-optimization/vendor/laravel/framework/src/Illuminate/Foundation/Http/Kernel.php(144): Illuminate/Foundation/Http/Kernel->sendRequestThroughRouter(Object(Illuminate/Http/Request))
#45 F:/My Projects/biswas-performance-optimization/biswas-performance-optimization/vendor/laravel/framework/src/Illuminate/Foundation/Application.php(1220): Illuminate/Foundation/Http/Kernel->handle(Object(Illuminate/Http/Request))
#46 F:/My Projects/biswas-performance-optimization/biswas-performance-optimization/public/index.php(9): Illuminate/Foundation/Application->handleRequest(Object(Illuminate/Http/Request))
#47 F:/My Projects/biswas-performance-optimization/biswas-performance-optimization/vendor/laravel/framework/src/Illuminate/Foundation/resources/server.php(23): require_once('F://My Projects//...')
#48 {main}
"} 
[2026-09-24 04:46:37] local.ERROR: No application encryption key has been specified. {"exception":"[object] (Illuminate\\Encryption\\MissingAppKeyException(code: 0): No application encryption key has been specified. at F:/My Projects/biswas-performance-optimization/biswas-performance-optimization/vendor/laravel/framework/src/Illuminate/Encryption/EncryptionServiceProvider.php:83)
[stacktrace]
#0 F:/My Projects/biswas-performance-optimization/biswas-performance-optimization/vendor/laravel/framework/src/Illuminate/Support/helpers.php(393): Illuminate/Encryption/EncryptionServiceProvider->Illuminate/Encryption/{closure}('')
#1 F:/My Projects/biswas-performance-optimization/biswas-performance-optimization/vendor/laravel/framework/src/Illuminate/Encryption/EncryptionServiceProvider.php(81): tap('', Object(Closure))
#2 F:/My Projects/biswas-performance-optimization/biswas-performance-optimization/vendor/laravel/framework/src/Illuminate/Encryption/EncryptionServiceProvider.php(64): Illuminate/Encryption/EncryptionServiceProvider->key(Array)
#3 F:/My Projects/biswas-performance-optimization/biswas-performance-optimization/vendor/laravel/framework/src/Illuminate/Encryption/EncryptionServiceProvider.php(32): Illuminate/Encryption/EncryptionServiceProvider->parseKey(Array)
#4 F:/My Projects/biswas-performance-optimization/biswas-performance-optimization/vendor/laravel/framework/src/Illuminate/Container/Container.php(1115): Illuminate/Encryption/EncryptionServiceProvider->Illuminate/Encryption/{closure}(Object(Illuminate/Foundation/Application), Array)
#5 F:/My Projects/biswas-performance-optimization/biswas-performance-optimization/vendor/laravel/framework/src/Illuminate/Container/Container.php(933): Illuminate/Container/Container->build(Object(Closure))
#6 F:/My Projects/biswas-performance-optimization/biswas-performance-optimization/vendor/laravel/framework/src/Illuminate/Foundation/Application.php(1078): Illuminate/Container/Container->resolve('encrypter', Array, true)
#7 F:/My Projects/biswas-performance-optimization/biswas-performance-optimization/vendor/laravel/framework/src/Illuminate/Container/Container.php(864): Illuminate/Foundation/Application->resolve('encrypter', Array)
#8 F:/My Projects/biswas-performance-optimization/biswas-performance-optimization/vendor/laravel/framework/src/Illuminate/Foundation/Application.php(1058): Illuminate/Container/Container->make('encrypter', Array)
#9 F:/My Projects/biswas-performance-optimization/biswas-performance-optimization/vendor/laravel/framework/src/Illuminate/Container/Container.php(1336): Illuminate/Foundation/Application->make('encrypter')
#10 F:/My Projects/biswas-performance-optimization/biswas-performance-optimization/vendor/laravel/framework/src/Illuminate/Container/Container.php(1237): Illuminate/Container/Container->resolveClass(Object(ReflectionParameter), 'Illuminate//Cont...')
#11 F:/My Projects/biswas-performance-optimization/biswas-performance-optimization/vendor/laravel/framework/src/Illuminate/Container/Container.php(1162): Illuminate/Container/Container->resolveDependencies(Array)
#12 F:/My Projects/biswas-performance-optimization/biswas-performance-optimization/vendor/laravel/framework/src/Illuminate/Container/Container.php(933): Illuminate/Container/Container->build('Illuminate//Cook...')
#13 F:/My Projects/biswas-performance-optimization/biswas-performance-optimization/vendor/laravel/framework/src/Illuminate/Foundation/Application.php(1078): Illuminate/Container/Container->resolve('Illuminate//Cook...', Array, true)
#14 F:/My Projects/biswas-performance-optimization/biswas-performance-optimization/vendor/laravel/framework/src/Illuminate/Container/Container.php(864): Illuminate/Foundation/Application->resolve('Illuminate//Cook...', Array)
#15 F:/My Projects/biswas-performance-optimization/biswas-performance-optimization/vendor/laravel/framework/src/Illuminate/Foundation/Application.php(1058): Illuminate/Container/Container->make('Illuminate//Cook...', Array)
#16 F:/My Projects/biswas-performance-optimization/biswas-performance-optimization/vendor/laravel/framework/src/Illuminate/Foundation/Http/Kernel.php(257): Illuminate/Foundation/Application->make('Illuminate//Cook...')
#17 F:/My Projects/biswas-performance-optimization/biswas-performance-optimization/vendor/laravel/framework/src/Illuminate/Foundation/Http/Kernel.php(215): Illuminate/Foundation/Http/Kernel->terminateMiddleware(Object(Illuminate/Http/Request), Object(Illuminate/Http/Response))
#18 F:/My Projects/biswas-performance-optimization/biswas-performance-optimization/vendor/laravel/framework/src/Illuminate/Foundation/Application.php(1222): Illuminate/Foundation/Http/Kernel->terminate(Object(Illuminate/Http/Request), Object(Illuminate/Http/Response))
#19 F:/My Projects/biswas-performance-optimization/biswas-performance-optimization/public/index.php(9): Illuminate/Foundation/Application->handleRequest(Object(Illuminate/Http/Request))
#20 F:/My Projects/biswas-performance-optimization/biswas-performance-optimization/vendor/laravel/framework/src/Illuminate/Foundation/resources/server.php(23): require_once('F://My Projects//...')
#21 {main}
"} 
[2026-09-24 04:47:02] local.ERROR: Vite manifest not found at: F:\My Projects\biswas-performance-optimization\biswas-performance-optimization\public\build/manifest.json (View: F:\My Projects\biswas-performance-optimization\biswas-performance-optimization\resources\views\app.blade.php) {"exception":"[object] (Illuminate\\View\\ViewException(code: 0): Vite manifest not found at: F:\\My Projects\\biswas-performance-optimization\\biswas-performance-optimization\\public\\build/manifest.json (View: F:\\My Projects\\biswas-performance-optimization\\biswas-performance-optimization\\resources\\views\\app.blade.php) at F:/My Projects/biswas-performance-optimization/biswas-performance-optimization/vendor/laravel/framework/src/Illuminate/Foundation/Vite.php:946)
[stacktrace]
#0 F:/My Projects/biswas-performance-optimization/biswas-performance-optimization/vendor/laravel/framework/src/Illuminate/View/Engines/PhpEngine.php(59): Illuminate/View/Engines/CompilerEngine->handleViewException(Object(Illuminate/Foundation/ViteManifestNotFoundException), 1)
#1 F:/My Projects/biswas-performance-optimization/biswas-performance-optimization/vendor/laravel/framework/src/Illuminate/View/Engines/CompilerEngine.php(76): Illuminate/View/Engines/PhpEngine->evaluatePath('F://My Projects//...', Array)
#2 F:/My Projects/biswas-performance-optimization/biswas-performance-optimization/vendor/laravel/framework/src/Illuminate/View/View.php(208): Illuminate/View/Engines/CompilerEngine->get('F://My Projects//...', Array)
#3 F:/My Projects/biswas-performance-optimization/biswas-performance-optimization/vendor/laravel/framework/src/Illuminate/View/View.php(191): Illuminate/View/View->getContents()
#4 F:/My Projects/biswas-performance-optimization/biswas-performance-optimization/vendor/laravel/framework/src/Illuminate/View/View.php(160): Illuminate/View/View->renderContents()
#5 F:/My Projects/biswas-performance-optimization/biswas-performance-optimization/vendor/laravel/framework/src/Illuminate/Http/Response.php(78): Illuminate/View/View->render()
#6 F:/My Projects/biswas-performance-optimization/biswas-performance-optimization/vendor/laravel/framework/src/Illuminate/Http/Response.php(34): Illuminate/Http/Response->setContent(Object(Illuminate/View/View))
#7 F:/My Projects/biswas-performance-optimization/biswas-performance-optimization/vendor/laravel/framework/src/Illuminate/Routing/ResponseFactory.php(61): Illuminate/Http/Response->__construct(Object(Illuminate/View/View), 200, Array)
#8 F:/My Projects/biswas-performance-optimization/biswas-performance-optimization/vendor/laravel/framework/src/Illuminate/Routing/ResponseFactory.php(91): Illuminate/Routing/ResponseFactory->make(Object(Illuminate/View/View), 200, Array)
#9 F:/My Projects/biswas-performance-optimization/biswas-performance-optimization/vendor/laravel/framework/src/Illuminate/Support/Facades/Facade.php(363): Illuminate/Routing/ResponseFactory->view('app', Array)
#10 F:/My Projects/biswas-performance-optimization/biswas-performance-optimization/vendor/inertiajs/inertia-laravel/src/Response.php(219): Illuminate/Support/Facades/Facade::__callStatic('view', Array)
#11 F:/My Projects/biswas-performance-optimization/biswas-performance-optimization/vendor/laravel/framework/src/Illuminate/Routing/Router.php(921): Inertia/Response->toResponse(Object(Illuminate/Http/Request))
#12 F:/My Projects/biswas-performance-optimization/biswas-performance-optimization/vendor/laravel/framework/src/Illuminate/Routing/Router.php(906): Illuminate/Routing/Router::toResponse(Object(Illuminate/Http/Request), Object(Inertia/Response))
#13 F:/My Projects/biswas-performance-optimization/biswas-performance-optimization/vendor/laravel/framework/src/Illuminate/Routing/Router.php(821): Illuminate/Routing/Router->prepareResponse(Object(Illuminate/Http/Request), Object(Inertia/Response))
#14 F:/My Projects/biswas-performance-optimization/biswas-performance-optimization/vendor/laravel/framework/src/Illuminate/Pipeline/Pipeline.php(180): Illuminate/Routing/Router->Illuminate/Routing/{closure}(Object(Illuminate/Http/Request))
#15 F:/My Projects/biswas-performance-optimization/biswas-performance-optimization/app/Http/Middleware/PerformanceHeaders.php(8): Illuminate/Pipeline/Pipeline->Illuminate/Pipeline/{closure}(Object(Illuminate/Http/Request))
#16 F:/My Projects/biswas-performance-optimization/biswas-performance-optimization/vendor/laravel/framework/src/Illuminate/Pipeline/Pipeline.php(219): App/Http/Middleware/PerformanceHeaders->handle(Object(Illuminate/Http/Request), Object(Closure))
#17 F:/My Projects/biswas-performance-optimization/biswas-performance-optimization/vendor/laravel/framework/src/Illuminate/Routing/Middleware/SubstituteBindings.php(50): Illuminate/Pipeline/Pipeline->Illuminate/Pipeline/{closure}(Object(Illuminate/Http/Request))
#18 F:/My Projects/biswas-performance-optimization/biswas-performance-optimization/vendor/laravel/framework/src/Illuminate/Pipeline/Pipeline.php(219): Illuminate/Routing/Middleware/SubstituteBindings->handle(Object(Illuminate/Http/Request), Object(Closure))
#19 F:/My Projects/biswas-performance-optimization/biswas-performance-optimization/vendor/laravel/framework/src/Illuminate/Foundation/Http/Middleware/VerifyCsrfToken.php(87): Illuminate/Pipeline/Pipeline->Illuminate/Pipeline/{closure}(Object(Illuminate/Http/Request))
#20 F:/My Projects/biswas-performance-optimization/biswas-performance-optimization/vendor/laravel/framework/src/Illuminate/Pipeline/Pipeline.php(219): Illuminate/Foundation/Http/Middleware/VerifyCsrfToken->handle(Object(Illuminate/Http/Request), Object(Closure))
#21 F:/My Projects/biswas-performance-optimization/biswas-performance-optimization/vendor/laravel/framework/src/Illuminate/View/Middleware/ShareErrorsFromSession.php(48): Illuminate/Pipeline/Pipeline->Illuminate/Pipeline/{closure}(Object(Illuminate/Http/Request))
#22 F:/My Projects/biswas-performance-optimization/biswas-performance-optimization/vendor/laravel/framework/src/Illuminate/Pipeline/Pipeline.php(219): Illuminate/View/Middleware/ShareErrorsFromSession->handle(Object(Illuminate/Http/Request), Object(Closure))
#23 F:/My Projects/biswas-performance-optimization/biswas-performance-optimization/vendor/laravel/framework/src/Illuminate/Session/Middleware/StartSession.php(120): Illuminate/Pipeline/Pipeline->Illuminate/Pipeline/{closure}(Object(Illuminate/Http/Request))
#24 F:/My Projects/biswas-performance-optimization/biswas-performance-optimization/vendor/laravel/framework/src/Illuminate/Session/Middleware/StartSession.php(63): Illuminate/Session/Middleware/StartSession->handleStatefulRequest(Object(Illuminate/Http/Request), Object(Illuminate/Session/Store), Object(Closure))
#25 F:/My Projects/biswas-performance-optimization/biswas-performance-optimization/vendor/laravel/framework/src/Illuminate/Pipeline/Pipeline.php(219): Illuminate/Session/Middleware/StartSession->handle(Object(Illuminate/Http/Request), Object(Closure))
#26 F:/My Projects/biswas-performance-optimization/biswas-performance-optimization/vendor/laravel/framework/src/Illuminate/Cookie/Middleware/AddQueuedCookiesToResponse.php(36): Illuminate/Pipeline/Pipeline->Illuminate/Pipeline/{closure}(Object(Illuminate/Http/Request))
#27 F:/My Projects/biswas-performance-optimization/biswas-performance-optimization/vendor/laravel/framework/src/Illuminate/Pipeline/Pipeline.php(219): Illuminate/Cookie/Middleware/AddQueuedCookiesToResponse->handle(Object(Illuminate/Http/Request), Object(Closure))
#28 F:/My Projects/biswas-performance-optimization/biswas-performance-optimization/vendor/laravel/framework/src/Illuminate/Cookie/Middleware/EncryptCookies.php(74): Illuminate/Pipeline/Pipeline->Illuminate/Pipeline/{closure}(Object(Illuminate/Http/Request))
#29 F:/My Projects/biswas-performance-optimization/biswas-performance-optimization/vendor/laravel/framework/src/Illuminate/Pipeline/Pipeline.php(219): Illuminate/Cookie/Middleware/EncryptCookies->handle(Object(Illuminate/Http/Request), Object(Closure))
#30 F:/My Projects/biswas-performance-optimization/biswas-performance-optimization/vendor/laravel/framework/src/Illuminate/Pipeline/Pipeline.php(137): Illuminate/Pipeline/Pipeline->Illuminate/Pipeline/{closure}(Object(Illuminate/Http/Request))
#31 F:/My Projects/biswas-performance-optimization/biswas-performance-optimization/vendor/laravel/framework/src/Illuminate/Routing/Router.php(821): Illuminate/Pipeline/Pipeline->then(Object(Closure))
#32 F:/My Projects/biswas-performance-optimization/biswas-performance-optimization/vendor/laravel/framework/src/Illuminate/Routing/Router.php(800): Illuminate/Routing/Router->runRouteWithinStack(Object(Illuminate/Routing/Route), Object(Illuminate/Http/Request))
#33 F:/My Projects/biswas-performance-optimization/biswas-performance-optimization/vendor/laravel/framework/src/Illuminate/Routing/Router.php(764): Illuminate/Routing/Router->runRoute(Object(Illuminate/Http/Request), Object(Illuminate/Routing/Route))
#34 F:/My Projects/biswas-performance-optimization/biswas-performance-optimization/vendor/laravel/framework/src/Illuminate/Routing/Router.php(753): Illuminate/Routing/Router->dispatchToRoute(Object(Illuminate/Http/Request))
#35 F:/My Projects/biswas-performance-optimization/biswas-performance-optimization/vendor/laravel/framework/src/Illuminate/Foundation/Http/Kernel.php(200): Illuminate/Routing/Router->dispatch(Object(Illuminate/Http/Request))
#36 F:/My Projects/biswas-performance-optimization/biswas-performance-optimization/vendor/laravel/framework/src/Illuminate/Pipeline/Pipeline.php(180): Illuminate/Foundation/Http/Kernel->Illuminate/Foundation/Http/{closure}(Object(Illuminate/Http/Request))
#37 F:/My Projects/biswas-performance-optimization/biswas-performance-optimization/vendor/laravel/framework/src/Illuminate/Foundation/Http/Middleware/TransformsRequest.php(21): Illuminate/Pipeline/Pipeline->Illuminate/Pipeline/{closure}(Object(Illuminate/Http/Request))
#38 F:/My Projects/biswas-performance-optimization/biswas-performance-optimization/vendor/laravel/framework/src/Illuminate/Foundation/Http/Middleware/ConvertEmptyStringsToNull.php(31): Illuminate/Foundation/Http/Middleware/TransformsRequest->handle(Object(Illuminate/Http/Request), Object(Closure))
#39 F:/My Projects/biswas-performance-optimization/biswas-performance-optimization/vendor/laravel/framework/src/Illuminate/Pipeline/Pipeline.php(219): Illuminate/Foundation/Http/Middleware/ConvertEmptyStringsToNull->handle(Object(Illuminate/Http/Request), Object(Closure))
#40 F:/My Projects/biswas-performance-optimization/biswas-performance-optimization/vendor/laravel/framework/src/Illuminate/Foundation/Http/Middleware/TransformsRequest.php(21): Illuminate/Pipeline/Pipeline->Illuminate/Pipeline/{closure}(Object(Illuminate/Http/Request))
#41 F:/My Projects/biswas-performance-optimization/biswas-performance-optimization/vendor/laravel/framework/src/Illuminate/Foundation/Http/Middleware/TrimStrings.php(51): Illuminate/Foundation/Http/Middleware/TransformsRequest->handle(Object(Illuminate/Http/Request), Object(Closure))
#42 F:/My Projects/biswas-performance-optimization/biswas-performance-optimization/vendor/laravel/framework/src/Illuminate/Pipeline/Pipeline.php(219): Illuminate/Foundation/Http/Middleware/TrimStrings->handle(Object(Illuminate/Http/Request), Object(Closure))
#43 F:/My Projects/biswas-performance-optimization/biswas-performance-optimization/vendor/laravel/framework/src/Illuminate/Http/Middleware/ValidatePostSize.php(27): Illuminate/Pipeline/Pipeline->Illuminate/Pipeline/{closure}(Object(Illuminate/Http/Request))
#44 F:/My Projects/biswas-performance-optimization/biswas-performance-optimization/vendor/laravel/framework/src/Illuminate/Pipeline/Pipeline.php(219): Illuminate/Http/Middleware/ValidatePostSize->handle(Object(Illuminate/Http/Request), Object(Closure))
#45 F:/My Projects/biswas-performance-optimization/biswas-performance-optimization/vendor/laravel/framework/src/Illuminate/Foundation/Http/Middleware/PreventRequestsDuringMaintenance.php(109): Illuminate/Pipeline/Pipeline->Illuminate/Pipeline/{closure}(Object(Illuminate/Http/Request))
#46 F:/My Projects/biswas-performance-optimization/biswas-performance-optimization/vendor/laravel/framework/src/Illuminate/Pipeline/Pipeline.php(219): Illuminate/Foundation/Http/Middleware/PreventRequestsDuringMaintenance->handle(Object(Illuminate/Http/Request), Object(Closure))
#47 F:/My Projects/biswas-performance-optimization/biswas-performance-optimization/vendor/laravel/framework/src/Illuminate/Http/Middleware/HandleCors.php(61): Illuminate/Pipeline/Pipeline->Illuminate/Pipeline/{closure}(Object(Illuminate/Http/Request))
#48 F:/My Projects/biswas-performance-optimization/biswas-performance-optimization/vendor/laravel/framework/src/Illuminate/Pipeline/Pipeline.php(219): Illuminate/Http/Middleware/HandleCors->handle(Object(Illuminate/Http/Request), Object(Closure))
#49 F:/My Projects/biswas-performance-optimization/biswas-performance-optimization/vendor/laravel/framework/src/Illuminate/Http/Middleware/TrustProxies.php(58): Illuminate/Pipeline/Pipeline->Illuminate/Pipeline/{closure}(Object(Illuminate/Http/Request))
#50 F:/My Projects/biswas-performance-optimization/biswas-performance-optimization/vendor/laravel/framework/src/Illuminate/Pipeline/Pipeline.php(219): Illuminate/Http/Middleware/TrustProxies->handle(Object(Illuminate/Http/Request), Object(Closure))
#51 F:/My Projects/biswas-performance-optimization/biswas-performance-optimization/vendor/laravel/framework/src/Illuminate/Foundation/Http/Middleware/InvokeDeferredCallbacks.php(22): Illuminate/Pipeline/Pipeline->Illuminate/Pipeline/{closure}(Object(Illuminate/Http/Request))
#52 F:/My Projects/biswas-performance-optimization/biswas-performance-optimization/vendor/laravel/framework/src/Illuminate/Pipeline/Pipeline.php(219): Illuminate/Foundation/Http/Middleware/InvokeDeferredCallbacks->handle(Object(Illuminate/Http/Request), Object(Closure))
#53 F:/My Projects/biswas-performance-optimization/biswas-performance-optimization/vendor/laravel/framework/src/Illuminate/Http/Middleware/ValidatePathEncoding.php(26): Illuminate/Pipeline/Pipeline->Illuminate/Pipeline/{closure}(Object(Illuminate/Http/Request))
#54 F:/My Projects/biswas-performance-optimization/biswas-performance-optimization/vendor/laravel/framework/src/Illuminate/Pipeline/Pipeline.php(219): Illuminate/Http/Middleware/ValidatePathEncoding->handle(Object(Illuminate/Http/Request), Object(Closure))
#55 F:/My Projects/biswas-performance-optimization/biswas-performance-optimization/vendor/laravel/framework/src/Illuminate/Pipeline/Pipeline.php(137): Illuminate/Pipeline/Pipeline->Illuminate/Pipeline/{closure}(Object(Illuminate/Http/Request))
#56 F:/My Projects/biswas-performance-optimization/biswas-performance-optimization/vendor/laravel/framework/src/Illuminate/Foundation/Http/Kernel.php(175): Illuminate/Pipeline/Pipeline->then(Object(Closure))
#57 F:/My Projects/biswas-performance-optimization/biswas-performance-optimization/vendor/laravel/framework/src/Illuminate/Foundation/Http/Kernel.php(144): Illuminate/Foundation/Http/Kernel->sendRequestThroughRouter(Object(Illuminate/Http/Request))
#58 F:/My Projects/biswas-performance-optimization/biswas-performance-optimization/vendor/laravel/framework/src/Illuminate/Foundation/Application.php(1220): Illuminate/Foundation/Http/Kernel->handle(Object(Illuminate/Http/Request))
#59 F:/My Projects/biswas-performance-optimization/biswas-performance-optimization/public/index.php(9): Illuminate/Foundation/Application->handleRequest(Object(Illuminate/Http/Request))
#60 F:/My Projects/biswas-performance-optimization/biswas-performance-optimization/vendor/laravel/framework/src/Illuminate/Foundation/resources/server.php(23): require_once('F://My Projects//...')
#61 {main}

[previous exception] [object] (Illuminate\\Foundation\\ViteManifestNotFoundException(code: 0): Vite manifest not found at: F:\\My Projects\\biswas-performance-optimization\\biswas-performance-optimization\\public\\build/manifest.json at F:/My Projects/biswas-performance-optimization/biswas-performance-optimization/vendor/laravel/framework/src/Illuminate/Foundation/Vite.php:946)
[stacktrace]
#0 F:/My Projects/biswas-performance-optimization/biswas-performance-optimization/vendor/laravel/framework/src/Illuminate/Foundation/Vite.php(384): Illuminate/Foundation/Vite->manifest('build')
#1 F:/My Projects/biswas-performance-optimization/biswas-performance-optimization/storage/framework/views/280644c2e4292c2f073df1344bdbf801.php(9): Illuminate/Foundation/Vite->__invoke(Object(Illuminate/Support/Collection))
#2 F:/My Projects/biswas-performance-optimization/biswas-performance-optimization/vendor/laravel/framework/src/Illuminate/Filesystem/Filesystem.php(123): require('F://My Projects//...')
#3 F:/My Projects/biswas-performance-optimization/biswas-performance-optimization/vendor/laravel/framework/src/Illuminate/Filesystem/Filesystem.php(124): Illuminate/Filesystem/Filesystem::Illuminate/Filesystem/{closure}()
#4 F:/My Projects/biswas-performance-optimization/biswas-performance-optimization/vendor/laravel/framework/src/Illuminate/View/Engines/PhpEngine.php(57): Illuminate/Filesystem/Filesystem->getRequire('F://My Projects//...', Array)
#5 F:/My Projects/biswas-performance-optimization/biswas-performance-optimization/vendor/laravel/framework/src/Illuminate/View/Engines/CompilerEngine.php(76): Illuminate/View/Engines/PhpEngine->evaluatePath('F://My Projects//...', Array)
#6 F:/My Projects/biswas-performance-optimization/biswas-performance-optimization/vendor/laravel/framework/src/Illuminate/View/View.php(208): Illuminate/View/Engines/CompilerEngine->get('F://My Projects//...', Array)
#7 F:/My Projects/biswas-performance-optimization/biswas-performance-optimization/vendor/laravel/framework/src/Illuminate/View/View.php(191): Illuminate/View/View->getContents()
#8 F:/My Projects/biswas-performance-optimization/biswas-performance-optimization/vendor/laravel/framework/src/Illuminate/View/View.php(160): Illuminate/View/View->renderContents()
#9 F:/My Projects/biswas-performance-optimization/biswas-performance-optimization/vendor/laravel/framework/src/Illuminate/Http/Response.php(78): Illuminate/View/View->render()
#10 F:/My Projects/biswas-performance-optimization/biswas-performance-optimization/vendor/laravel/framework/src/Illuminate/Http/Response.php(34): Illuminate/Http/Response->setContent(Object(Illuminate/View/View))
#11 F:/My Projects/biswas-performance-optimization/biswas-performance-optimization/vendor/laravel/framework/src/Illuminate/Routing/ResponseFactory.php(61): Illuminate/Http/Response->__construct(Object(Illuminate/View/View), 200, Array)
#12 F:/My Projects/biswas-performance-optimization/biswas-performance-optimization/vendor/laravel/framework/src/Illuminate/Routing/ResponseFactory.php(91): Illuminate/Routing/ResponseFactory->make(Object(Illuminate/View/View), 200, Array)
#13 F:/My Projects/biswas-performance-optimization/biswas-performance-optimization/vendor/laravel/framework/src/Illuminate/Support/Facades/Facade.php(363): Illuminate/Routing/ResponseFactory->view('app', Array)
#14 F:/My Projects/biswas-performance-optimization/biswas-performance-optimization/vendor/inertiajs/inertia-laravel/src/Response.php(219): Illuminate/Support/Facades/Facade::__callStatic('view', Array)
#15 F:/My Projects/biswas-performance-optimization/biswas-performance-optimization/vendor/laravel/framework/src/Illuminate/Routing/Router.php(921): Inertia/Response->toResponse(Object(Illuminate/Http/Request))
#16 F:/My Projects/biswas-performance-optimization/biswas-performance-optimization/vendor/laravel/framework/src/Illuminate/Routing/Router.php(906): Illuminate/Routing/Router::toResponse(Object(Illuminate/Http/Request), Object(Inertia/Response))
#17 F:/My Projects/biswas-performance-optimization/biswas-performance-optimization/vendor/laravel/framework/src/Illuminate/Routing/Router.php(821): Illuminate/Routing/Router->prepareResponse(Object(Illuminate/Http/Request), Object(Inertia/Response))
#18 F:/My Projects/biswas-performance-optimization/biswas-performance-optimization/vendor/laravel/framework/src/Illuminate/Pipeline/Pipeline.php(180): Illuminate/Routing/Router->Illuminate/Routing/{closure}(Object(Illuminate/Http/Request))
#19 F:/My Projects/biswas-performance-optimization/biswas-performance-optimization/app/Http/Middleware/PerformanceHeaders.php(8): Illuminate/Pipeline/Pipeline->Illuminate/Pipeline/{closure}(Object(Illuminate/Http/Request))
#20 F:/My Projects/biswas-performance-optimization/biswas-performance-optimization/vendor/laravel/framework/src/Illuminate/Pipeline/Pipeline.php(219): App/Http/Middleware/PerformanceHeaders->handle(Object(Illuminate/Http/Request), Object(Closure))
#21 F:/My Projects/biswas-performance-optimization/biswas-performance-optimization/vendor/laravel/framework/src/Illuminate/Routing/Middleware/SubstituteBindings.php(50): Illuminate/Pipeline/Pipeline->Illuminate/Pipeline/{closure}(Object(Illuminate/Http/Request))
#22 F:/My Projects/biswas-performance-optimization/biswas-performance-optimization/vendor/laravel/framework/src/Illuminate/Pipeline/Pipeline.php(219): Illuminate/Routing/Middleware/SubstituteBindings->handle(Object(Illuminate/Http/Request), Object(Closure))
#23 F:/My Projects/biswas-performance-optimization/biswas-performance-optimization/vendor/laravel/framework/src/Illuminate/Foundation/Http/Middleware/VerifyCsrfToken.php(87): Illuminate/Pipeline/Pipeline->Illuminate/Pipeline/{closure}(Object(Illuminate/Http/Request))
#24 F:/My Projects/biswas-performance-optimization/biswas-performance-optimization/vendor/laravel/framework/src/Illuminate/Pipeline/Pipeline.php(219): Illuminate/Foundation/Http/Middleware/VerifyCsrfToken->handle(Object(Illuminate/Http/Request), Object(Closure))
#25 F:/My Projects/biswas-performance-optimization/biswas-performance-optimization/vendor/laravel/framework/src/Illuminate/View/Middleware/ShareErrorsFromSession.php(48): Illuminate/Pipeline/Pipeline->Illuminate/Pipeline/{closure}(Object(Illuminate/Http/Request))
#26 F:/My Projects/biswas-performance-optimization/biswas-performance-optimization/vendor/laravel/framework/src/Illuminate/Pipeline/Pipeline.php(219): Illuminate/View/Middleware/ShareErrorsFromSession->handle(Object(Illuminate/Http/Request), Object(Closure))
#27 F:/My Projects/biswas-performance-optimization/biswas-performance-optimization/vendor/laravel/framework/src/Illuminate/Session/Middleware/StartSession.php(120): Illuminate/Pipeline/Pipeline->Illuminate/Pipeline/{closure}(Object(Illuminate/Http/Request))
#28 F:/My Projects/biswas-performance-optimization/biswas-performance-optimization/vendor/laravel/framework/src/Illuminate/Session/Middleware/StartSession.php(63): Illuminate/Session/Middleware/StartSession->handleStatefulRequest(Object(Illuminate/Http/Request), Object(Illuminate/Session/Store), Object(Closure))
#29 F:/My Projects/biswas-performance-optimization/biswas-performance-optimization/vendor/laravel/framework/src/Illuminate/Pipeline/Pipeline.php(219): Illuminate/Session/Middleware/StartSession->handle(Object(Illuminate/Http/Request), Object(Closure))
#30 F:/My Projects/biswas-performance-optimization/biswas-performance-optimization/vendor/laravel/framework/src/Illuminate/Cookie/Middleware/AddQueuedCookiesToResponse.php(36): Illuminate/Pipeline/Pipeline->Illuminate/Pipeline/{closure}(Object(Illuminate/Http/Request))
#31 F:/My Projects/biswas-performance-optimization/biswas-performance-optimization/vendor/laravel/framework/src/Illuminate/Pipeline/Pipeline.php(219): Illuminate/Cookie/Middleware/AddQueuedCookiesToResponse->handle(Object(Illuminate/Http/Request), Object(Closure))
#32 F:/My Projects/biswas-performance-optimization/biswas-performance-optimization/vendor/laravel/framework/src/Illuminate/Cookie/Middleware/EncryptCookies.php(74): Illuminate/Pipeline/Pipeline->Illuminate/Pipeline/{closure}(Object(Illuminate/Http/Request))
#33 F:/My Projects/biswas-performance-optimization/biswas-performance-optimization/vendor/laravel/framework/src/Illuminate/Pipeline/Pipeline.php(219): Illuminate/Cookie/Middleware/EncryptCookies->handle(Object(Illuminate/Http/Request), Object(Closure))
#34 F:/My Projects/biswas-performance-optimization/biswas-performance-optimization/vendor/laravel/framework/src/Illuminate/Pipeline/Pipeline.php(137): Illuminate/Pipeline/Pipeline->Illuminate/Pipeline/{closure}(Object(Illuminate/Http/Request))
#35 F:/My Projects/biswas-performance-optimization/biswas-performance-optimization/vendor/laravel/framework/src/Illuminate/Routing/Router.php(821): Illuminate/Pipeline/Pipeline->then(Object(Closure))
#36 F:/My Projects/biswas-performance-optimization/biswas-performance-optimization/vendor/laravel/framework/src/Illuminate/Routing/Router.php(800): Illuminate/Routing/Router->runRouteWithinStack(Object(Illuminate/Routing/Route), Object(Illuminate/Http/Request))
#37 F:/My Projects/biswas-performance-optimization/biswas-performance-optimization/vendor/laravel/framework/src/Illuminate/Routing/Router.php(764): Illuminate/Routing/Router->runRoute(Object(Illuminate/Http/Request), Object(Illuminate/Routing/Route))
#38 F:/My Projects/biswas-performance-optimization/biswas-performance-optimization/vendor/laravel/framework/src/Illuminate/Routing/Router.php(753): Illuminate/Routing/Router->dispatchToRoute(Object(Illuminate/Http/Request))
#39 F:/My Projects/biswas-performance-optimization/biswas-performance-optimization/vendor/laravel/framework/src/Illuminate/Foundation/Http/Kernel.php(200): Illuminate/Routing/Router->dispatch(Object(Illuminate/Http/Request))
#40 F:/My Projects/biswas-performance-optimization/biswas-performance-optimization/vendor/laravel/framework/src/Illuminate/Pipeline/Pipeline.php(180): Illuminate/Foundation/Http/Kernel->Illuminate/Foundation/Http/{closure}(Object(Illuminate/Http/Request))
#41 F:/My Projects/biswas-performance-optimization/biswas-performance-optimization/vendor/laravel/framework/src/Illuminate/Foundation/Http/Middleware/TransformsRequest.php(21): Illuminate/Pipeline/Pipeline->Illuminate/Pipeline/{closure}(Object(Illuminate/Http/Request))
#42 F:/My Projects/biswas-performance-optimization/biswas-performance-optimization/vendor/laravel/framework/src/Illuminate/Foundation/Http/Middleware/ConvertEmptyStringsToNull.php(31): Illuminate/Foundation/Http/Middleware/TransformsRequest->handle(Object(Illuminate/Http/Request), Object(Closure))
#43 F:/My Projects/biswas-performance-optimization/biswas-performance-optimization/vendor/laravel/framework/src/Illuminate/Pipeline/Pipeline.php(219): Illuminate/Foundation/Http/Middleware/ConvertEmptyStringsToNull->handle(Object(Illuminate/Http/Request), Object(Closure))
#44 F:/My Projects/biswas-performance-optimization/biswas-performance-optimization/vendor/laravel/framework/src/Illuminate/Foundation/Http/Middleware/TransformsRequest.php(21): Illuminate/Pipeline/Pipeline->Illuminate/Pipeline/{closure}(Object(Illuminate/Http/Request))
#45 F:/My Projects/biswas-performance-optimization/biswas-performance-optimization/vendor/laravel/framework/src/Illuminate/Foundation/Http/Middleware/TrimStrings.php(51): Illuminate/Foundation/Http/Middleware/TransformsRequest->handle(Object(Illuminate/Http/Request), Object(Closure))
#46 F:/My Projects/biswas-performance-optimization/biswas-performance-optimization/vendor/laravel/framework/src/Illuminate/Pipeline/Pipeline.php(219): Illuminate/Foundation/Http/Middleware/TrimStrings->handle(Object(Illuminate/Http/Request), Object(Closure))
#47 F:/My Projects/biswas-performance-optimization/biswas-performance-optimization/vendor/laravel/framework/src/Illuminate/Http/Middleware/ValidatePostSize.php(27): Illuminate/Pipeline/Pipeline->Illuminate/Pipeline/{closure}(Object(Illuminate/Http/Request))
#48 F:/My Projects/biswas-performance-optimization/biswas-performance-optimization/vendor/laravel/framework/src/Illuminate/Pipeline/Pipeline.php(219): Illuminate/Http/Middleware/ValidatePostSize->handle(Object(Illuminate/Http/Request), Object(Closure))
#49 F:/My Projects/biswas-performance-optimization/biswas-performance-optimization/vendor/laravel/framework/src/Illuminate/Foundation/Http/Middleware/PreventRequestsDuringMaintenance.php(109): Illuminate/Pipeline/Pipeline->Illuminate/Pipeline/{closure}(Object(Illuminate/Http/Request))
#50 F:/My Projects/biswas-performance-optimization/biswas-performance-optimization/vendor/laravel/framework/src/Illuminate/Pipeline/Pipeline.php(219): Illuminate/Foundation/Http/Middleware/PreventRequestsDuringMaintenance->handle(Object(Illuminate/Http/Request), Object(Closure))
#51 F:/My Projects/biswas-performance-optimization/biswas-performance-optimization/vendor/laravel/framework/src/Illuminate/Http/Middleware/HandleCors.php(61): Illuminate/Pipeline/Pipeline->Illuminate/Pipeline/{closure}(Object(Illuminate/Http/Request))
#52 F:/My Projects/biswas-performance-optimization/biswas-performance-optimization/vendor/laravel/framework/src/Illuminate/Pipeline/Pipeline.php(219): Illuminate/Http/Middleware/HandleCors->handle(Object(Illuminate/Http/Request), Object(Closure))
#53 F:/My Projects/biswas-performance-optimization/biswas-performance-optimization/vendor/laravel/framework/src/Illuminate/Http/Middleware/TrustProxies.php(58): Illuminate/Pipeline/Pipeline->Illuminate/Pipeline/{closure}(Object(Illuminate/Http/Request))
#54 F:/My Projects/biswas-performance-optimization/biswas-performance-optimization/vendor/laravel/framework/src/Illuminate/Pipeline/Pipeline.php(219): Illuminate/Http/Middleware/TrustProxies->handle(Object(Illuminate/Http/Request), Object(Closure))
#55 F:/My Projects/biswas-performance-optimization/biswas-performance-optimization/vendor/laravel/framework/src/Illuminate/Foundation/Http/Middleware/InvokeDeferredCallbacks.php(22): Illuminate/Pipeline/Pipeline->Illuminate/Pipeline/{closure}(Object(Illuminate/Http/Request))
#56 F:/My Projects/biswas-performance-optimization/biswas-performance-optimization/vendor/laravel/framework/src/Illuminate/Pipeline/Pipeline.php(219): Illuminate/Foundation/Http/Middleware/InvokeDeferredCallbacks->handle(Object(Illuminate/Http/Request), Object(Closure))
#57 F:/My Projects/biswas-performance-optimization/biswas-performance-optimization/vendor/laravel/framework/src/Illuminate/Http/Middleware/ValidatePathEncoding.php(26): Illuminate/Pipeline/Pipeline->Illuminate/Pipeline/{closure}(Object(Illuminate/Http/Request))
#58 F:/My Projects/biswas-performance-optimization/biswas-performance-optimization/vendor/laravel/framework/src/Illuminate/Pipeline/Pipeline.php(219): Illuminate/Http/Middleware/ValidatePathEncoding->handle(Object(Illuminate/Http/Request), Object(Closure))
#59 F:/My Projects/biswas-performance-optimization/biswas-performance-optimization/vendor/laravel/framework/src/Illuminate/Pipeline/Pipeline.php(137): Illuminate/Pipeline/Pipeline->Illuminate/Pipeline/{closure}(Object(Illuminate/Http/Request))
#60 F:/My Projects/biswas-performance-optimization/biswas-performance-optimization/vendor/laravel/framework/src/Illuminate/Foundation/Http/Kernel.php(175): Illuminate/Pipeline/Pipeline->then(Object(Closure))
#61 F:/My Projects/biswas-performance-optimization/biswas-performance-optimization/vendor/laravel/framework/src/Illuminate/Foundation/Http/Kernel.php(144): Illuminate/Foundation/Http/Kernel->sendRequestThroughRouter(Object(Illuminate/Http/Request))
#62 F:/My Projects/biswas-performance-optimization/biswas-performance-optimization/vendor/laravel/framework/src/Illuminate/Foundation/Application.php(1220): Illuminate/Foundation/Http/Kernel->handle(Object(Illuminate/Http/Request))
#63 F:/My Projects/biswas-performance-optimization/biswas-performance-optimization/public/index.php(9): Illuminate/Foundation/Application->handleRequest(Object(Illuminate/Http/Request))
#64 F:/My Projects/biswas-performance-optimization/biswas-performance-optimization/vendor/laravel/framework/src/Illuminate/Foundation/resources/server.php(23): require_once('F://My Projects//...')
#65 {main}
"} 
[2026-09-24 04:47:05] local.ERROR: Vite manifest not found at: F:\My Projects\biswas-performance-optimization\biswas-performance-optimization\public\build/manifest.json (View: F:\My Projects\biswas-performance-optimization\biswas-performance-optimization\resources\views\app.blade.php) {"exception":"[object] (Illuminate\\View\\ViewException(code: 0): Vite manifest not found at: F:\\My Projects\\biswas-performance-optimization\\biswas-performance-optimization\\public\\build/manifest.json (View: F:\\My Projects\\biswas-performance-optimization\\biswas-performance-optimization\\resources\\views\\app.blade.php) at F:/My Projects/biswas-performance-optimization/biswas-performance-optimization/vendor/laravel/framework/src/Illuminate/Foundation/Vite.php:946)
[stacktrace]
#0 F:/My Projects/biswas-performance-optimization/biswas-performance-optimization/vendor/laravel/framework/src/Illuminate/View/Engines/PhpEngine.php(59): Illuminate/View/Engines/CompilerEngine->handleViewException(Object(Illuminate/Foundation/ViteManifestNotFoundException), 1)
#1 F:/My Projects/biswas-performance-optimization/biswas-performance-optimization/vendor/laravel/framework/src/Illuminate/View/Engines/CompilerEngine.php(76): Illuminate/View/Engines/PhpEngine->evaluatePath('F://My Projects//...', Array)
#2 F:/My Projects/biswas-performance-optimization/biswas-performance-optimization/vendor/laravel/framework/src/Illuminate/View/View.php(208): Illuminate/View/Engines/CompilerEngine->get('F://My Projects//...', Array)
#3 F:/My Projects/biswas-performance-optimization/biswas-performance-optimization/vendor/laravel/framework/src/Illuminate/View/View.php(191): Illuminate/View/View->getContents()
#4 F:/My Projects/biswas-performance-optimization/biswas-performance-optimization/vendor/laravel/framework/src/Illuminate/View/View.php(160): Illuminate/View/View->renderContents()
#5 F:/My Projects/biswas-performance-optimization/biswas-performance-optimization/vendor/laravel/framework/src/Illuminate/Http/Response.php(78): Illuminate/View/View->render()
#6 F:/My Projects/biswas-performance-optimization/biswas-performance-optimization/vendor/laravel/framework/src/Illuminate/Http/Response.php(34): Illuminate/Http/Response->setContent(Object(Illuminate/View/View))
#7 F:/My Projects/biswas-performance-optimization/biswas-performance-optimization/vendor/laravel/framework/src/Illuminate/Routing/ResponseFactory.php(61): Illuminate/Http/Response->__construct(Object(Illuminate/View/View), 200, Array)
#8 F:/My Projects/biswas-performance-optimization/biswas-performance-optimization/vendor/laravel/framework/src/Illuminate/Routing/ResponseFactory.php(91): Illuminate/Routing/ResponseFactory->make(Object(Illuminate/View/View), 200, Array)
#9 F:/My Projects/biswas-performance-optimization/biswas-performance-optimization/vendor/laravel/framework/src/Illuminate/Support/Facades/Facade.php(363): Illuminate/Routing/ResponseFactory->view('app', Array)
#10 F:/My Projects/biswas-performance-optimization/biswas-performance-optimization/vendor/inertiajs/inertia-laravel/src/Response.php(219): Illuminate/Support/Facades/Facade::__callStatic('view', Array)
#11 F:/My Projects/biswas-performance-optimization/biswas-performance-optimization/vendor/laravel/framework/src/Illuminate/Routing/Router.php(921): Inertia/Response->toResponse(Object(Illuminate/Http/Request))
#12 F:/My Projects/biswas-performance-optimization/biswas-performance-optimization/vendor/laravel/framework/src/Illuminate/Routing/Router.php(906): Illuminate/Routing/Router::toResponse(Object(Illuminate/Http/Request), Object(Inertia/Response))
#13 F:/My Projects/biswas-performance-optimization/biswas-performance-optimization/vendor/laravel/framework/src/Illuminate/Routing/Router.php(821): Illuminate/Routing/Router->prepareResponse(Object(Illuminate/Http/Request), Object(Inertia/Response))
#14 F:/My Projects/biswas-performance-optimization/biswas-performance-optimization/vendor/laravel/framework/src/Illuminate/Pipeline/Pipeline.php(180): Illuminate/Routing/Router->Illuminate/Routing/{closure}(Object(Illuminate/Http/Request))
#15 F:/My Projects/biswas-performance-optimization/biswas-performance-optimization/app/Http/Middleware/PerformanceHeaders.php(8): Illuminate/Pipeline/Pipeline->Illuminate/Pipeline/{closure}(Object(Illuminate/Http/Request))
#16 F:/My Projects/biswas-performance-optimization/biswas-performance-optimization/vendor/laravel/framework/src/Illuminate/Pipeline/Pipeline.php(219): App/Http/Middleware/PerformanceHeaders->handle(Object(Illuminate/Http/Request), Object(Closure))
#17 F:/My Projects/biswas-performance-optimization/biswas-performance-optimization/vendor/laravel/framework/src/Illuminate/Routing/Middleware/SubstituteBindings.php(50): Illuminate/Pipeline/Pipeline->Illuminate/Pipeline/{closure}(Object(Illuminate/Http/Request))
#18 F:/My Projects/biswas-performance-optimization/biswas-performance-optimization/vendor/laravel/framework/src/Illuminate/Pipeline/Pipeline.php(219): Illuminate/Routing/Middleware/SubstituteBindings->handle(Object(Illuminate/Http/Request), Object(Closure))
#19 F:/My Projects/biswas-performance-optimization/biswas-performance-optimization/vendor/laravel/framework/src/Illuminate/Foundation/Http/Middleware/VerifyCsrfToken.php(87): Illuminate/Pipeline/Pipeline->Illuminate/Pipeline/{closure}(Object(Illuminate/Http/Request))
#20 F:/My Projects/biswas-performance-optimization/biswas-performance-optimization/vendor/laravel/framework/src/Illuminate/Pipeline/Pipeline.php(219): Illuminate/Foundation/Http/Middleware/VerifyCsrfToken->handle(Object(Illuminate/Http/Request), Object(Closure))
#21 F:/My Projects/biswas-performance-optimization/biswas-performance-optimization/vendor/laravel/framework/src/Illuminate/View/Middleware/ShareErrorsFromSession.php(48): Illuminate/Pipeline/Pipeline->Illuminate/Pipeline/{closure}(Object(Illuminate/Http/Request))
#22 F:/My Projects/biswas-performance-optimization/biswas-performance-optimization/vendor/laravel/framework/src/Illuminate/Pipeline/Pipeline.php(219): Illuminate/View/Middleware/ShareErrorsFromSession->handle(Object(Illuminate/Http/Request), Object(Closure))
#23 F:/My Projects/biswas-performance-optimization/biswas-performance-optimization/vendor/laravel/framework/src/Illuminate/Session/Middleware/StartSession.php(120): Illuminate/Pipeline/Pipeline->Illuminate/Pipeline/{closure}(Object(Illuminate/Http/Request))
#24 F:/My Projects/biswas-performance-optimization/biswas-performance-optimization/vendor/laravel/framework/src/Illuminate/Session/Middleware/StartSession.php(63): Illuminate/Session/Middleware/StartSession->handleStatefulRequest(Object(Illuminate/Http/Request), Object(Illuminate/Session/Store), Object(Closure))
#25 F:/My Projects/biswas-performance-optimization/biswas-performance-optimization/vendor/laravel/framework/src/Illuminate/Pipeline/Pipeline.php(219): Illuminate/Session/Middleware/StartSession->handle(Object(Illuminate/Http/Request), Object(Closure))
#26 F:/My Projects/biswas-performance-optimization/biswas-performance-optimization/vendor/laravel/framework/src/Illuminate/Cookie/Middleware/AddQueuedCookiesToResponse.php(36): Illuminate/Pipeline/Pipeline->Illuminate/Pipeline/{closure}(Object(Illuminate/Http/Request))
#27 F:/My Projects/biswas-performance-optimization/biswas-performance-optimization/vendor/laravel/framework/src/Illuminate/Pipeline/Pipeline.php(219): Illuminate/Cookie/Middleware/AddQueuedCookiesToResponse->handle(Object(Illuminate/Http/Request), Object(Closure))
#28 F:/My Projects/biswas-performance-optimization/biswas-performance-optimization/vendor/laravel/framework/src/Illuminate/Cookie/Middleware/EncryptCookies.php(74): Illuminate/Pipeline/Pipeline->Illuminate/Pipeline/{closure}(Object(Illuminate/Http/Request))
#29 F:/My Projects/biswas-performance-optimization/biswas-performance-optimization/vendor/laravel/framework/src/Illuminate/Pipeline/Pipeline.php(219): Illuminate/Cookie/Middleware/EncryptCookies->handle(Object(Illuminate/Http/Request), Object(Closure))
#30 F:/My Projects/biswas-performance-optimization/biswas-performance-optimization/vendor/laravel/framework/src/Illuminate/Pipeline/Pipeline.php(137): Illuminate/Pipeline/Pipeline->Illuminate/Pipeline/{closure}(Object(Illuminate/Http/Request))
#31 F:/My Projects/biswas-performance-optimization/biswas-performance-optimization/vendor/laravel/framework/src/Illuminate/Routing/Router.php(821): Illuminate/Pipeline/Pipeline->then(Object(Closure))
#32 F:/My Projects/biswas-performance-optimization/biswas-performance-optimization/vendor/laravel/framework/src/Illuminate/Routing/Router.php(800): Illuminate/Routing/Router->runRouteWithinStack(Object(Illuminate/Routing/Route), Object(Illuminate/Http/Request))
#33 F:/My Projects/biswas-performance-optimization/biswas-performance-optimization/vendor/laravel/framework/src/Illuminate/Routing/Router.php(764): Illuminate/Routing/Router->runRoute(Object(Illuminate/Http/Request), Object(Illuminate/Routing/Route))
#34 F:/My Projects/biswas-performance-optimization/biswas-performance-optimization/vendor/laravel/framework/src/Illuminate/Routing/Router.php(753): Illuminate/Routing/Router->dispatchToRoute(Object(Illuminate/Http/Request))
#35 F:/My Projects/biswas-performance-optimization/biswas-performance-optimization/vendor/laravel/framework/src/Illuminate/Foundation/Http/Kernel.php(200): Illuminate/Routing/Router->dispatch(Object(Illuminate/Http/Request))
#36 F:/My Projects/biswas-performance-optimization/biswas-performance-optimization/vendor/laravel/framework/src/Illuminate/Pipeline/Pipeline.php(180): Illuminate/Foundation/Http/Kernel->Illuminate/Foundation/Http/{closure}(Object(Illuminate/Http/Request))
#37 F:/My Projects/biswas-performance-optimization/biswas-performance-optimization/vendor/laravel/framework/src/Illuminate/Foundation/Http/Middleware/TransformsRequest.php(21): Illuminate/Pipeline/Pipeline->Illuminate/Pipeline/{closure}(Object(Illuminate/Http/Request))
#38 F:/My Projects/biswas-performance-optimization/biswas-performance-optimization/vendor/laravel/framework/src/Illuminate/Foundation/Http/Middleware/ConvertEmptyStringsToNull.php(31): Illuminate/Foundation/Http/Middleware/TransformsRequest->handle(Object(Illuminate/Http/Request), Object(Closure))
#39 F:/My Projects/biswas-performance-optimization/biswas-performance-optimization/vendor/laravel/framework/src/Illuminate/Pipeline/Pipeline.php(219): Illuminate/Foundation/Http/Middleware/ConvertEmptyStringsToNull->handle(Object(Illuminate/Http/Request), Object(Closure))
#40 F:/My Projects/biswas-performance-optimization/biswas-performance-optimization/vendor/laravel/framework/src/Illuminate/Foundation/Http/Middleware/TransformsRequest.php(21): Illuminate/Pipeline/Pipeline->Illuminate/Pipeline/{closure}(Object(Illuminate/Http/Request))
#41 F:/My Projects/biswas-performance-optimization/biswas-performance-optimization/vendor/laravel/framework/src/Illuminate/Foundation/Http/Middleware/TrimStrings.php(51): Illuminate/Foundation/Http/Middleware/TransformsRequest->handle(Object(Illuminate/Http/Request), Object(Closure))
#42 F:/My Projects/biswas-performance-optimization/biswas-performance-optimization/vendor/laravel/framework/src/Illuminate/Pipeline/Pipeline.php(219): Illuminate/Foundation/Http/Middleware/TrimStrings->handle(Object(Illuminate/Http/Request), Object(Closure))
#43 F:/My Projects/biswas-performance-optimization/biswas-performance-optimization/vendor/laravel/framework/src/Illuminate/Http/Middleware/ValidatePostSize.php(27): Illuminate/Pipeline/Pipeline->Illuminate/Pipeline/{closure}(Object(Illuminate/Http/Request))
#44 F:/My Projects/biswas-performance-optimization/biswas-performance-optimization/vendor/laravel/framework/src/Illuminate/Pipeline/Pipeline.php(219): Illuminate/Http/Middleware/ValidatePostSize->handle(Object(Illuminate/Http/Request), Object(Closure))
#45 F:/My Projects/biswas-performance-optimization/biswas-performance-optimization/vendor/laravel/framework/src/Illuminate/Foundation/Http/Middleware/PreventRequestsDuringMaintenance.php(109): Illuminate/Pipeline/Pipeline->Illuminate/Pipeline/{closure}(Object(Illuminate/Http/Request))
#46 F:/My Projects/biswas-performance-optimization/biswas-performance-optimization/vendor/laravel/framework/src/Illuminate/Pipeline/Pipeline.php(219): Illuminate/Foundation/Http/Middleware/PreventRequestsDuringMaintenance->handle(Object(Illuminate/Http/Request), Object(Closure))
#47 F:/My Projects/biswas-performance-optimization/biswas-performance-optimization/vendor/laravel/framework/src/Illuminate/Http/Middleware/HandleCors.php(61): Illuminate/Pipeline/Pipeline->Illuminate/Pipeline/{closure}(Object(Illuminate/Http/Request))
#48 F:/My Projects/biswas-performance-optimization/biswas-performance-optimization/vendor/laravel/framework/src/Illuminate/Pipeline/Pipeline.php(219): Illuminate/Http/Middleware/HandleCors->handle(Object(Illuminate/Http/Request), Object(Closure))
#49 F:/My Projects/biswas-performance-optimization/biswas-performance-optimization/vendor/laravel/framework/src/Illuminate/Http/Middleware/TrustProxies.php(58): Illuminate/Pipeline/Pipeline->Illuminate/Pipeline/{closure}(Object(Illuminate/Http/Request))
#50 F:/My Projects/biswas-performance-optimization/biswas-performance-optimization/vendor/laravel/framework/src/Illuminate/Pipeline/Pipeline.php(219): Illuminate/Http/Middleware/TrustProxies->handle(Object(Illuminate/Http/Request), Object(Closure))
#51 F:/My Projects/biswas-performance-optimization/biswas-performance-optimization/vendor/laravel/framework/src/Illuminate/Foundation/Http/Middleware/InvokeDeferredCallbacks.php(22): Illuminate/Pipeline/Pipeline->Illuminate/Pipeline/{closure}(Object(Illuminate/Http/Request))
#52 F:/My Projects/biswas-performance-optimization/biswas-performance-optimization/vendor/laravel/framework/src/Illuminate/Pipeline/Pipeline.php(219): Illuminate/Foundation/Http/Middleware/InvokeDeferredCallbacks->handle(Object(Illuminate/Http/Request), Object(Closure))
#53 F:/My Projects/biswas-performance-optimization/biswas-performance-optimization/vendor/laravel/framework/src/Illuminate/Http/Middleware/ValidatePathEncoding.php(26): Illuminate/Pipeline/Pipeline->Illuminate/Pipeline/{closure}(Object(Illuminate/Http/Request))
#54 F:/My Projects/biswas-performance-optimization/biswas-performance-optimization/vendor/laravel/framework/src/Illuminate/Pipeline/Pipeline.php(219): Illuminate/Http/Middleware/ValidatePathEncoding->handle(Object(Illuminate/Http/Request), Object(Closure))
#55 F:/My Projects/biswas-performance-optimization/biswas-performance-optimization/vendor/laravel/framework/src/Illuminate/Pipeline/Pipeline.php(137): Illuminate/Pipeline/Pipeline->Illuminate/Pipeline/{closure}(Object(Illuminate/Http/Request))
#56 F:/My Projects/biswas-performance-optimization/biswas-performance-optimization/vendor/laravel/framework/src/Illuminate/Foundation/Http/Kernel.php(175): Illuminate/Pipeline/Pipeline->then(Object(Closure))
#57 F:/My Projects/biswas-performance-optimization/biswas-performance-optimization/vendor/laravel/framework/src/Illuminate/Foundation/Http/Kernel.php(144): Illuminate/Foundation/Http/Kernel->sendRequestThroughRouter(Object(Illuminate/Http/Request))
#58 F:/My Projects/biswas-performance-optimization/biswas-performance-optimization/vendor/laravel/framework/src/Illuminate/Foundation/Application.php(1220): Illuminate/Foundation/Http/Kernel->handle(Object(Illuminate/Http/Request))
#59 F:/My Projects/biswas-performance-optimization/biswas-performance-optimization/public/index.php(9): Illuminate/Foundation/Application->handleRequest(Object(Illuminate/Http/Request))
#60 F:/My Projects/biswas-performance-optimization/biswas-performance-optimization/vendor/laravel/framework/src/Illuminate/Foundation/resources/server.php(23): require_once('F://My Projects//...')
#61 {main}

[previous exception] [object] (Illuminate\\Foundation\\ViteManifestNotFoundException(code: 0): Vite manifest not found at: F:\\My Projects\\biswas-performance-optimization\\biswas-performance-optimization\\public\\build/manifest.json at F:/My Projects/biswas-performance-optimization/biswas-performance-optimization/vendor/laravel/framework/src/Illuminate/Foundation/Vite.php:946)
[stacktrace]
#0 F:/My Projects/biswas-performance-optimization/biswas-performance-optimization/vendor/laravel/framework/src/Illuminate/Foundation/Vite.php(384): Illuminate/Foundation/Vite->manifest('build')
#1 F:/My Projects/biswas-performance-optimization/biswas-performance-optimization/storage/framework/views/280644c2e4292c2f073df1344bdbf801.php(9): Illuminate/Foundation/Vite->__invoke(Object(Illuminate/Support/Collection))
#2 F:/My Projects/biswas-performance-optimization/biswas-performance-optimization/vendor/laravel/framework/src/Illuminate/Filesystem/Filesystem.php(123): require('F://My Projects//...')
#3 F:/My Projects/biswas-performance-optimization/biswas-performance-optimization/vendor/laravel/framework/src/Illuminate/Filesystem/Filesystem.php(124): Illuminate/Filesystem/Filesystem::Illuminate/Filesystem/{closure}()
#4 F:/My Projects/biswas-performance-optimization/biswas-performance-optimization/vendor/laravel/framework/src/Illuminate/View/Engines/PhpEngine.php(57): Illuminate/Filesystem/Filesystem->getRequire('F://My Projects//...', Array)
#5 F:/My Projects/biswas-performance-optimization/biswas-performance-optimization/vendor/laravel/framework/src/Illuminate/View/Engines/CompilerEngine.php(76): Illuminate/View/Engines/PhpEngine->evaluatePath('F://My Projects//...', Array)
#6 F:/My Projects/biswas-performance-optimization/biswas-performance-optimization/vendor/laravel/framework/src/Illuminate/View/View.php(208): Illuminate/View/Engines/CompilerEngine->get('F://My Projects//...', Array)
#7 F:/My Projects/biswas-performance-optimization/biswas-performance-optimization/vendor/laravel/framework/src/Illuminate/View/View.php(191): Illuminate/View/View->getContents()
#8 F:/My Projects/biswas-performance-optimization/biswas-performance-optimization/vendor/laravel/framework/src/Illuminate/View/View.php(160): Illuminate/View/View->renderContents()
#9 F:/My Projects/biswas-performance-optimization/biswas-performance-optimization/vendor/laravel/framework/src/Illuminate/Http/Response.php(78): Illuminate/View/View->render()
#10 F:/My Projects/biswas-performance-optimization/biswas-performance-optimization/vendor/laravel/framework/src/Illuminate/Http/Response.php(34): Illuminate/Http/Response->setContent(Object(Illuminate/View/View))
#11 F:/My Projects/biswas-performance-optimization/biswas-performance-optimization/vendor/laravel/framework/src/Illuminate/Routing/ResponseFactory.php(61): Illuminate/Http/Response->__construct(Object(Illuminate/View/View), 200, Array)
#12 F:/My Projects/biswas-performance-optimization/biswas-performance-optimization/vendor/laravel/framework/src/Illuminate/Routing/ResponseFactory.php(91): Illuminate/Routing/ResponseFactory->make(Object(Illuminate/View/View), 200, Array)
#13 F:/My Projects/biswas-performance-optimization/biswas-performance-optimization/vendor/laravel/framework/src/Illuminate/Support/Facades/Facade.php(363): Illuminate/Routing/ResponseFactory->view('app', Array)
#14 F:/My Projects/biswas-performance-optimization/biswas-performance-optimization/vendor/inertiajs/inertia-laravel/src/Response.php(219): Illuminate/Support/Facades/Facade::__callStatic('view', Array)
#15 F:/My Projects/biswas-performance-optimization/biswas-performance-optimization/vendor/laravel/framework/src/Illuminate/Routing/Router.php(921): Inertia/Response->toResponse(Object(Illuminate/Http/Request))
#16 F:/My Projects/biswas-performance-optimization/biswas-performance-optimization/vendor/laravel/framework/src/Illuminate/Routing/Router.php(906): Illuminate/Routing/Router::toResponse(Object(Illuminate/Http/Request), Object(Inertia/Response))
#17 F:/My Projects/biswas-performance-optimization/biswas-performance-optimization/vendor/laravel/framework/src/Illuminate/Routing/Router.php(821): Illuminate/Routing/Router->prepareResponse(Object(Illuminate/Http/Request), Object(Inertia/Response))
#18 F:/My Projects/biswas-performance-optimization/biswas-performance-optimization/vendor/laravel/framework/src/Illuminate/Pipeline/Pipeline.php(180): Illuminate/Routing/Router->Illuminate/Routing/{closure}(Object(Illuminate/Http/Request))
#19 F:/My Projects/biswas-performance-optimization/biswas-performance-optimization/app/Http/Middleware/PerformanceHeaders.php(8): Illuminate/Pipeline/Pipeline->Illuminate/Pipeline/{closure}(Object(Illuminate/Http/Request))
#20 F:/My Projects/biswas-performance-optimization/biswas-performance-optimization/vendor/laravel/framework/src/Illuminate/Pipeline/Pipeline.php(219): App/Http/Middleware/PerformanceHeaders->handle(Object(Illuminate/Http/Request), Object(Closure))
#21 F:/My Projects/biswas-performance-optimization/biswas-performance-optimization/vendor/laravel/framework/src/Illuminate/Routing/Middleware/SubstituteBindings.php(50): Illuminate/Pipeline/Pipeline->Illuminate/Pipeline/{closure}(Object(Illuminate/Http/Request))
#22 F:/My Projects/biswas-performance-optimization/biswas-performance-optimization/vendor/laravel/framework/src/Illuminate/Pipeline/Pipeline.php(219): Illuminate/Routing/Middleware/SubstituteBindings->handle(Object(Illuminate/Http/Request), Object(Closure))
#23 F:/My Projects/biswas-performance-optimization/biswas-performance-optimization/vendor/laravel/framework/src/Illuminate/Foundation/Http/Middleware/VerifyCsrfToken.php(87): Illuminate/Pipeline/Pipeline->Illuminate/Pipeline/{closure}(Object(Illuminate/Http/Request))
#24 F:/My Projects/biswas-performance-optimization/biswas-performance-optimization/vendor/laravel/framework/src/Illuminate/Pipeline/Pipeline.php(219): Illuminate/Foundation/Http/Middleware/VerifyCsrfToken->handle(Object(Illuminate/Http/Request), Object(Closure))
#25 F:/My Projects/biswas-performance-optimization/biswas-performance-optimization/vendor/laravel/framework/src/Illuminate/View/Middleware/ShareErrorsFromSession.php(48): Illuminate/Pipeline/Pipeline->Illuminate/Pipeline/{closure}(Object(Illuminate/Http/Request))
#26 F:/My Projects/biswas-performance-optimization/biswas-performance-optimization/vendor/laravel/framework/src/Illuminate/Pipeline/Pipeline.php(219): Illuminate/View/Middleware/ShareErrorsFromSession->handle(Object(Illuminate/Http/Request), Object(Closure))
#27 F:/My Projects/biswas-performance-optimization/biswas-performance-optimization/vendor/laravel/framework/src/Illuminate/Session/Middleware/StartSession.php(120): Illuminate/Pipeline/Pipeline->Illuminate/Pipeline/{closure}(Object(Illuminate/Http/Request))
#28 F:/My Projects/biswas-performance-optimization/biswas-performance-optimization/vendor/laravel/framework/src/Illuminate/Session/Middleware/StartSession.php(63): Illuminate/Session/Middleware/StartSession->handleStatefulRequest(Object(Illuminate/Http/Request), Object(Illuminate/Session/Store), Object(Closure))
#29 F:/My Projects/biswas-performance-optimization/biswas-performance-optimization/vendor/laravel/framework/src/Illuminate/Pipeline/Pipeline.php(219): Illuminate/Session/Middleware/StartSession->handle(Object(Illuminate/Http/Request), Object(Closure))
#30 F:/My Projects/biswas-performance-optimization/biswas-performance-optimization/vendor/laravel/framework/src/Illuminate/Cookie/Middleware/AddQueuedCookiesToResponse.php(36): Illuminate/Pipeline/Pipeline->Illuminate/Pipeline/{closure}(Object(Illuminate/Http/Request))
#31 F:/My Projects/biswas-performance-optimization/biswas-performance-optimization/vendor/laravel/framework/src/Illuminate/Pipeline/Pipeline.php(219): Illuminate/Cookie/Middleware/AddQueuedCookiesToResponse->handle(Object(Illuminate/Http/Request), Object(Closure))
#32 F:/My Projects/biswas-performance-optimization/biswas-performance-optimization/vendor/laravel/framework/src/Illuminate/Cookie/Middleware/EncryptCookies.php(74): Illuminate/Pipeline/Pipeline->Illuminate/Pipeline/{closure}(Object(Illuminate/Http/Request))
#33 F:/My Projects/biswas-performance-optimization/biswas-performance-optimization/vendor/laravel/framework/src/Illuminate/Pipeline/Pipeline.php(219): Illuminate/Cookie/Middleware/EncryptCookies->handle(Object(Illuminate/Http/Request), Object(Closure))
#34 F:/My Projects/biswas-performance-optimization/biswas-performance-optimization/vendor/laravel/framework/src/Illuminate/Pipeline/Pipeline.php(137): Illuminate/Pipeline/Pipeline->Illuminate/Pipeline/{closure}(Object(Illuminate/Http/Request))
#35 F:/My Projects/biswas-performance-optimization/biswas-performance-optimization/vendor/laravel/framework/src/Illuminate/Routing/Router.php(821): Illuminate/Pipeline/Pipeline->then(Object(Closure))
#36 F:/My Projects/biswas-performance-optimization/biswas-performance-optimization/vendor/laravel/framework/src/Illuminate/Routing/Router.php(800): Illuminate/Routing/Router->runRouteWithinStack(Object(Illuminate/Routing/Route), Object(Illuminate/Http/Request))
#37 F:/My Projects/biswas-performance-optimization/biswas-performance-optimization/vendor/laravel/framework/src/Illuminate/Routing/Router.php(764): Illuminate/Routing/Router->runRoute(Object(Illuminate/Http/Request), Object(Illuminate/Routing/Route))
#38 F:/My Projects/biswas-performance-optimization/biswas-performance-optimization/vendor/laravel/framework/src/Illuminate/Routing/Router.php(753): Illuminate/Routing/Router->dispatchToRoute(Object(Illuminate/Http/Request))
#39 F:/My Projects/biswas-performance-optimization/biswas-performance-optimization/vendor/laravel/framework/src/Illuminate/Foundation/Http/Kernel.php(200): Illuminate/Routing/Router->dispatch(Object(Illuminate/Http/Request))
#40 F:/My Projects/biswas-performance-optimization/biswas-performance-optimization/vendor/laravel/framework/src/Illuminate/Pipeline/Pipeline.php(180): Illuminate/Foundation/Http/Kernel->Illuminate/Foundation/Http/{closure}(Object(Illuminate/Http/Request))
#41 F:/My Projects/biswas-performance-optimization/biswas-performance-optimization/vendor/laravel/framework/src/Illuminate/Foundation/Http/Middleware/TransformsRequest.php(21): Illuminate/Pipeline/Pipeline->Illuminate/Pipeline/{closure}(Object(Illuminate/Http/Request))
#42 F:/My Projects/biswas-performance-optimization/biswas-performance-optimization/vendor/laravel/framework/src/Illuminate/Foundation/Http/Middleware/ConvertEmptyStringsToNull.php(31): Illuminate/Foundation/Http/Middleware/TransformsRequest->handle(Object(Illuminate/Http/Request), Object(Closure))
#43 F:/My Projects/biswas-performance-optimization/biswas-performance-optimization/vendor/laravel/framework/src/Illuminate/Pipeline/Pipeline.php(219): Illuminate/Foundation/Http/Middleware/ConvertEmptyStringsToNull->handle(Object(Illuminate/Http/Request), Object(Closure))
#44 F:/My Projects/biswas-performance-optimization/biswas-performance-optimization/vendor/laravel/framework/src/Illuminate/Foundation/Http/Middleware/TransformsRequest.php(21): Illuminate/Pipeline/Pipeline->Illuminate/Pipeline/{closure}(Object(Illuminate/Http/Request))
#45 F:/My Projects/biswas-performance-optimization/biswas-performance-optimization/vendor/laravel/framework/src/Illuminate/Foundation/Http/Middleware/TrimStrings.php(51): Illuminate/Foundation/Http/Middleware/TransformsRequest->handle(Object(Illuminate/Http/Request), Object(Closure))
#46 F:/My Projects/biswas-performance-optimization/biswas-performance-optimization/vendor/laravel/framework/src/Illuminate/Pipeline/Pipeline.php(219): Illuminate/Foundation/Http/Middleware/TrimStrings->handle(Object(Illuminate/Http/Request), Object(Closure))
#47 F:/My Projects/biswas-performance-optimization/biswas-performance-optimization/vendor/laravel/framework/src/Illuminate/Http/Middleware/ValidatePostSize.php(27): Illuminate/Pipeline/Pipeline->Illuminate/Pipeline/{closure}(Object(Illuminate/Http/Request))
#48 F:/My Projects/biswas-performance-optimization/biswas-performance-optimization/vendor/laravel/framework/src/Illuminate/Pipeline/Pipeline.php(219): Illuminate/Http/Middleware/ValidatePostSize->handle(Object(Illuminate/Http/Request), Object(Closure))
#49 F:/My Projects/biswas-performance-optimization/biswas-performance-optimization/vendor/laravel/framework/src/Illuminate/Foundation/Http/Middleware/PreventRequestsDuringMaintenance.php(109): Illuminate/Pipeline/Pipeline->Illuminate/Pipeline/{closure}(Object(Illuminate/Http/Request))
#50 F:/My Projects/biswas-performance-optimization/biswas-performance-optimization/vendor/laravel/framework/src/Illuminate/Pipeline/Pipeline.php(219): Illuminate/Foundation/Http/Middleware/PreventRequestsDuringMaintenance->handle(Object(Illuminate/Http/Request), Object(Closure))
#51 F:/My Projects/biswas-performance-optimization/biswas-performance-optimization/vendor/laravel/framework/src/Illuminate/Http/Middleware/HandleCors.php(61): Illuminate/Pipeline/Pipeline->Illuminate/Pipeline/{closure}(Object(Illuminate/Http/Request))
#52 F:/My Projects/biswas-performance-optimization/biswas-performance-optimization/vendor/laravel/framework/src/Illuminate/Pipeline/Pipeline.php(219): Illuminate/Http/Middleware/HandleCors->handle(Object(Illuminate/Http/Request), Object(Closure))
#53 F:/My Projects/biswas-performance-optimization/biswas-performance-optimization/vendor/laravel/framework/src/Illuminate/Http/Middleware/TrustProxies.php(58): Illuminate/Pipeline/Pipeline->Illuminate/Pipeline/{closure}(Object(Illuminate/Http/Request))
#54 F:/My Projects/biswas-performance-optimization/biswas-performance-optimization/vendor/laravel/framework/src/Illuminate/Pipeline/Pipeline.php(219): Illuminate/Http/Middleware/TrustProxies->handle(Object(Illuminate/Http/Request), Object(Closure))
#55 F:/My Projects/biswas-performance-optimization/biswas-performance-optimization/vendor/laravel/framework/src/Illuminate/Foundation/Http/Middleware/InvokeDeferredCallbacks.php(22): Illuminate/Pipeline/Pipeline->Illuminate/Pipeline/{closure}(Object(Illuminate/Http/Request))
#56 F:/My Projects/biswas-performance-optimization/biswas-performance-optimization/vendor/laravel/framework/src/Illuminate/Pipeline/Pipeline.php(219): Illuminate/Foundation/Http/Middleware/InvokeDeferredCallbacks->handle(Object(Illuminate/Http/Request), Object(Closure))
#57 F:/My Projects/biswas-performance-optimization/biswas-performance-optimization/vendor/laravel/framework/src/Illuminate/Http/Middleware/ValidatePathEncoding.php(26): Illuminate/Pipeline/Pipeline->Illuminate/Pipeline/{closure}(Object(Illuminate/Http/Request))
#58 F:/My Projects/biswas-performance-optimization/biswas-performance-optimization/vendor/laravel/framework/src/Illuminate/Pipeline/Pipeline.php(219): Illuminate/Http/Middleware/ValidatePathEncoding->handle(Object(Illuminate/Http/Request), Object(Closure))
#59 F:/My Projects/biswas-performance-optimization/biswas-performance-optimization/vendor/laravel/framework/src/Illuminate/Pipeline/Pipeline.php(137): Illuminate/Pipeline/Pipeline->Illuminate/Pipeline/{closure}(Object(Illuminate/Http/Request))
#60 F:/My Projects/biswas-performance-optimization/biswas-performance-optimization/vendor/laravel/framework/src/Illuminate/Foundation/Http/Kernel.php(175): Illuminate/Pipeline/Pipeline->then(Object(Closure))
#61 F:/My Projects/biswas-performance-optimization/biswas-performance-optimization/vendor/laravel/framework/src/Illuminate/Foundation/Http/Kernel.php(144): Illuminate/Foundation/Http/Kernel->sendRequestThroughRouter(Object(Illuminate/Http/Request))
#62 F:/My Projects/biswas-performance-optimization/biswas-performance-optimization/vendor/laravel/framework/src/Illuminate/Foundation/Application.php(1220): Illuminate/Foundation/Http/Kernel->handle(Object(Illuminate/Http/Request))
#63 F:/My Projects/biswas-performance-optimization/biswas-performance-optimization/public/index.php(9): Illuminate/Foundation/Application->handleRequest(Object(Illuminate/Http/Request))
#64 F:/My Projects/biswas-performance-optimization/biswas-performance-optimization/vendor/laravel/framework/src/Illuminate/Foundation/resources/server.php(23): require_once('F://My Projects//...')
#65 {main}
"} 
